<!DOCTYPE ecc SYSTEM "formulae.dtd" []>

<formulae>
<hfamily h = "2">
	<pair u = "1" v = "-2">
		<q> 56*l^2 + 6*l - 1 </q>
		<t> -14*l - 2 </t>
	</pair>
	<pair u = "1" v = "-2">
		<q> 56*l^2 + 22*l + 1 </q>
		<t> -14*l - 4 </t>
	</pair>
	<pair u = "1" v = "-2">
		<q> 56*l^2 + 90*l + 35 </q>
		<t> 14*l + 10 </t>
	</pair>
	<pair u = "1" v = "-2">
		<q> 56*l^2 + 106*l + 49 </q>
		<t> 14*l + 12 </t>
	</pair>
	<pair u = "1" v = "1">
		<q> 8*l^2 + 2*l + 1 </q>
		<t> -2*l </t>
	</pair>
	<pair u = "1" v = "1">
		<q> 8*l^2 + 14*l + 7 </q>
		<t> 2*l + 2 </t>
	</pair>
</hfamily>
<hfamily h = "3">
	<pair u = "1" v = "1">
		<q> 12*l^2 + 8*l + 3 </q>
		<t> 2*l + 1 </t>
	</pair>
	<pair u = "1" v = "1">
		<q> 12*l^2 + 16*l + 7 </q>
		<t> -2*l - 1 </t>
	</pair>
</hfamily>
<hfamily h = "4">
	<pair u = "1" v = "1">
		<q> 16*l^2 + 6*l + 3 </q>
		<t> -2*l </t>
	</pair>
	<pair u = "1" v = "1">
		<q> 16*l^2 + 26*l + 13 </q>
		<t> 2*l + 2 </t>
	</pair>
	<pair u = "3" v = "0">
		<q> 112*l^2 + 26*l + 1 </q>
		<t> -14*l - 2 </t>
	</pair>
	<pair u = "3" v = "0">
		<q> 112*l^2 + 58*l + 7 </q>
		<t> -14*l - 4 </t>
	</pair>
	<pair u = "3" v = "0">
		<q> 112*l^2 + 166*l + 61 </q>
		<t> 14*l + 10 </t>
	</pair>
	<pair u = "3" v = "0">
		<q> 112*l^2 + 198*l + 87 </q>
		<t> 14*l + 12 </t>
	</pair>
	<pair u = "3" v = "1">
		<q> 48*l^2 + 30*l + 5 </q>
		<t> 6*l + 2 </t>
	</pair>
	<pair u = "3" v = "1">
		<q> 48*l^2 + 66*l + 23 </q>
		<t> -6*l - 4 </t>
	</pair>
</hfamily>
<hfamily h = "5">
	<pair u = "1" v = "1">
		<q> 20*l^2 + 12*l + 5 </q>
		<t> 2*l + 1 </t>
	</pair>
	<pair u = "1" v = "1">
		<q> 20*l^2 + 28*l + 13 </q>
		<t> -2*l - 1 </t>
	</pair>
	<pair u = "2" v = "0">
		<q> 140*l^2 + 64*l + 7 </q>
		<t> 14*l + 3 </t>
	</pair>
	<pair u = "2" v = "0">
		<q> 140*l^2 + 104*l + 19 </q>
		<t> 14*l + 5 </t>
	</pair>
	<pair u = "2" v = "0">
		<q> 140*l^2 + 176*l + 55 </q>
		<t> -14*l - 9 </t>
	</pair>
	<pair u = "2" v = "0">
		<q> 140*l^2 + 216*l + 83 </q>
		<t> -14*l - 11 </t>
	</pair>
	<pair u = "3" v = "-1">
		<q> 260*l^2 + 44*l + 1 </q>
		<t> -26*l - 3 </t>
	</pair>
	<pair u = "3" v = "-1">
		<q> 260*l^2 + 164*l + 25 </q>
		<t> -26*l - 9 </t>
	</pair>
	<pair u = "3" v = "-1">
		<q> 260*l^2 + 356*l + 121 </q>
		<t> 26*l + 17 </t>
	</pair>
	<pair u = "3" v = "-1">
		<q> 260*l^2 + 476*l + 217 </q>
		<t> 26*l + 23 </t>
	</pair>
	<pair u = "4" v = "-2">
		<q> 380*l^2 + 112*l + 7 </q>
		<t> -38*l - 7 </t>
	</pair>
	<pair u = "4" v = "-2">
		<q> 380*l^2 + 192*l + 23 </q>
		<t> -38*l - 11 </t>
	</pair>
	<pair u = "4" v = "-2">
		<q> 380*l^2 + 568*l + 211 </q>
		<t> 38*l + 27 </t>
	</pair>
	<pair u = "4" v = "-2">
		<q> 380*l^2 + 648*l + 275 </q>
		<t> 38*l + 31 </t>
	</pair>
</hfamily>
<hfamily h = "6">
	<pair u = "1" v = "-2">
		<q> 456*l^2 + 218*l + 25 </q>
		<t> 38*l + 8 </t>
	</pair>
	<pair u = "1" v = "-2">
		<q> 456*l^2 + 314*l + 53 </q>
		<t> 38*l + 12 </t>
	</pair>
	<pair u = "1" v = "-2">
		<q> 456*l^2 + 598*l + 195 </q>
		<t> -38*l - 26 </t>
	</pair>
	<pair u = "1" v = "-2">
		<q> 456*l^2 + 694*l + 263 </q>
		<t> -38*l - 30 </t>
	</pair>
	<pair u = "1" v = "-1">
		<q> 312*l^2 + 110*l + 9 </q>
		<t> 26*l + 4 </t>
	</pair>
	<pair u = "1" v = "-1">
		<q> 312*l^2 + 254*l + 51 </q>
		<t> 26*l + 10 </t>
	</pair>
	<pair u = "1" v = "-1">
		<q> 312*l^2 + 370*l + 109 </q>
		<t> -26*l - 16 </t>
	</pair>
	<pair u = "1" v = "-1">
		<q> 312*l^2 + 514*l + 211 </q>
		<t> -26*l - 22 </t>
	</pair>
	<pair u = "1" v = "1">
		<q> 24*l^2 + 10*l + 5 </q>
		<t> -2*l </t>
	</pair>
	<pair u = "1" v = "1">
		<q> 24*l^2 + 38*l + 19 </q>
		<t> 2*l + 2 </t>
	</pair>
</hfamily>
<hfamily h = "7">
	<pair u = "1" v = "1">
		<q> 28*l^2 + 16*l + 7 </q>
		<t> 2*l + 1 </t>
	</pair>
	<pair u = "1" v = "1">
		<q> 28*l^2 + 40*l + 19 </q>
		<t> -2*l - 1 </t>
	</pair>
	<pair u = "3" v = "1">
		<q> 84*l^2 + 36*l + 5 </q>
		<t> -6*l - 1 </t>
	</pair>
	<pair u = "3" v = "1">
		<q> 84*l^2 + 132*l + 53 </q>
		<t> 6*l + 5 </t>
	</pair>
	<pair u = "5" v = "-1">
		<q> 532*l^2 + 172*l + 13 </q>
		<t> -38*l - 7 </t>
	</pair>
	<pair u = "5" v = "-1">
		<q> 532*l^2 + 284*l + 37 </q>
		<t> -38*l - 11 </t>
	</pair>
	<pair u = "5" v = "-1">
		<q> 532*l^2 + 780*l + 285 </q>
		<t> 38*l + 27 </t>
	</pair>
	<pair u = "5" v = "-1">
		<q> 532*l^2 + 892*l + 373 </q>
		<t> 38*l + 31 </t>
	</pair>
	<pair u = "6" v = "0">
		<q> 364*l^2 + 72*l + 3 </q>
		<t> -26*l - 3 </t>
	</pair>
	<pair u = "6" v = "0">
		<q> 364*l^2 + 240*l + 39 </q>
		<t> -26*l - 9 </t>
	</pair>
	<pair u = "6" v = "0">
		<q> 364*l^2 + 488*l + 163 </q>
		<t> 26*l + 17 </t>
	</pair>
	<pair u = "6" v = "0">
		<q> 364*l^2 + 656*l + 295 </q>
		<t> 26*l + 23 </t>
	</pair>
</hfamily>
<hfamily h = "8">
	<pair u = "1" v = "1">
		<q> 32*l^2 + 14*l + 7 </q>
		<t> -2*l </t>
	</pair>
	<pair u = "1" v = "1">
		<q> 32*l^2 + 50*l + 25 </q>
		<t> 2*l + 2 </t>
	</pair>
	<pair u = "3" v = "-1">
		<q> 608*l^2 + 278*l + 31 </q>
		<t> 38*l + 8 </t>
	</pair>
	<pair u = "3" v = "-1">
		<q> 608*l^2 + 406*l + 67 </q>
		<t> 38*l + 12 </t>
	</pair>
	<pair u = "3" v = "-1">
		<q> 608*l^2 + 810*l + 269 </q>
		<t> -38*l - 26 </t>
	</pair>
	<pair u = "3" v = "-1">
		<q> 608*l^2 + 938*l + 361 </q>
		<t> -38*l - 30 </t>
	</pair>
	<pair u = "5" v = "0">
		<q> 416*l^2 + 138*l + 11 </q>
		<t> 26*l + 4 </t>
	</pair>
	<pair u = "5" v = "0">
		<q> 416*l^2 + 330*l + 65 </q>
		<t> 26*l + 10 </t>
	</pair>
	<pair u = "5" v = "0">
		<q> 416*l^2 + 502*l + 151 </q>
		<t> -26*l - 16 </t>
	</pair>
	<pair u = "5" v = "0">
		<q> 416*l^2 + 694*l + 289 </q>
		<t> -26*l - 22 </t>
	</pair>
	<pair u = "7" v = "-2">
		<q> 992*l^2 + 238*l + 13 </q>
		<t> 62*l + 6 </t>
	</pair>
	<pair u = "7" v = "-2">
		<q> 992*l^2 + 878*l + 193 </q>
		<t> 62*l + 26 </t>
	</pair>
	<pair u = "7" v = "-2">
		<q> 992*l^2 + 1106*l + 307 </q>
		<t> -62*l - 36 </t>
	</pair>
	<pair u = "7" v = "-2">
		<q> 992*l^2 + 1746*l + 767 </q>
		<t> -62*l - 56 </t>
	</pair>
	<pair u = "7" v = "1">
		<q> 224*l^2 + 66*l + 5 </q>
		<t> -14*l - 2 </t>
	</pair>
	<pair u = "7" v = "1">
		<q> 224*l^2 + 130*l + 19 </q>
		<t> -14*l - 4 </t>
	</pair>
	<pair u = "7" v = "1">
		<q> 224*l^2 + 318*l + 113 </q>
		<t> 14*l + 10 </t>
	</pair>
	<pair u = "7" v = "1">
		<q> 224*l^2 + 382*l + 163 </q>
		<t> 14*l + 12 </t>
	</pair>
</hfamily>
<hfamily h = "9">
	<pair u = "1" v = "-1">
		<q> 684*l^2 + 232*l + 19 </q>
		<t> -38*l - 7 </t>
	</pair>
	<pair u = "1" v = "-1">
		<q> 684*l^2 + 376*l + 51 </q>
		<t> -38*l - 11 </t>
	</pair>
	<pair u = "1" v = "-1">
		<q> 684*l^2 + 992*l + 359 </q>
		<t> 38*l + 27 </t>
	</pair>
	<pair u = "1" v = "-1">
		<q> 684*l^2 + 1136*l + 471 </q>
		<t> 38*l + 31 </t>
	</pair>
	<pair u = "1" v = "1">
		<q> 36*l^2 + 20*l + 9 </q>
		<t> 2*l + 1 </t>
	</pair>
	<pair u = "1" v = "1">
		<q> 36*l^2 + 52*l + 25 </q>
		<t> -2*l - 1 </t>
	</pair>
	<pair u = "4" v = "-2">
		<q> 1116*l^2 + 136*l + 3 </q>
		<t> -62*l - 5 </t>
	</pair>
	<pair u = "4" v = "-2">
		<q> 1116*l^2 + 856*l + 163 </q>
		<t> -62*l - 25 </t>
	</pair>
	<pair u = "4" v = "-2">
		<q> 1116*l^2 + 1376*l + 423 </q>
		<t> 62*l + 37 </t>
	</pair>
	<pair u = "4" v = "-2">
		<q> 1116*l^2 + 2096*l + 983 </q>
		<t> 62*l + 57 </t>
	</pair>
	<pair u = "4" v = "0">
		<q> 468*l^2 + 100*l + 5 </q>
		<t> -26*l - 3 </t>
	</pair>
	<pair u = "4" v = "0">
		<q> 468*l^2 + 316*l + 53 </q>
		<t> -26*l - 9 </t>
	</pair>
	<pair u = "4" v = "0">
		<q> 468*l^2 + 620*l + 205 </q>
		<t> 26*l + 17 </t>
	</pair>
	<pair u = "4" v = "0">
		<q> 468*l^2 + 836*l + 373 </q>
		<t> 26*l + 23 </t>
	</pair>
	<pair u = "7" v = "1">
		<q> 252*l^2 + 104*l + 11 </q>
		<t> 14*l + 3 </t>
	</pair>
	<pair u = "7" v = "1">
		<q> 252*l^2 + 176*l + 31 </q>
		<t> 14*l + 5 </t>
	</pair>
	<pair u = "7" v = "1">
		<q> 252*l^2 + 328*l + 107 </q>
		<t> -14*l - 9 </t>
	</pair>
	<pair u = "7" v = "1">
		<q> 252*l^2 + 400*l + 159 </q>
		<t> -14*l - 11 </t>
	</pair>
</hfamily>
<hfamily h = "10">
	<pair u = "1" v = "-2">
		<q> 1240*l^2 + 282*l + 15 </q>
		<t> 62*l + 6 </t>
	</pair>
	<pair u = "1" v = "-2">
		<q> 1240*l^2 + 1082*l + 235 </q>
		<t> 62*l + 26 </t>
	</pair>
	<pair u = "1" v = "-2">
		<q> 1240*l^2 + 1398*l + 393 </q>
		<t> -62*l - 36 </t>
	</pair>
	<pair u = "1" v = "-2">
		<q> 1240*l^2 + 2198*l + 973 </q>
		<t> -62*l - 56 </t>
	</pair>
	<pair u = "1" v = "-1">
		<q> 840*l^2 + 138*l + 5 </q>
		<t> -42*l - 4 </t>
	</pair>
	<pair u = "1" v = "-1">
		<q> 840*l^2 + 618*l + 113 </q>
		<t> -42*l - 16 </t>
	</pair>
	<pair u = "1" v = "-1">
		<q> 840*l^2 + 1062*l + 335 </q>
		<t> 42*l + 26 </t>
	</pair>
	<pair u = "1" v = "-1">
		<q> 840*l^2 + 1542*l + 707 </q>
		<t> 42*l + 38 </t>
	</pair>
	<pair u = "1" v = "1">
		<q> 40*l^2 + 18*l + 9 </q>
		<t> -2*l </t>
	</pair>
	<pair u = "1" v = "1">
		<q> 40*l^2 + 62*l + 31 </q>
		<t> 2*l + 2 </t>
	</pair>
	<pair u = "3" v = "0">
		<q> 520*l^2 + 166*l + 13 </q>
		<t> 26*l + 4 </t>
	</pair>
	<pair u = "3" v = "0">
		<q> 520*l^2 + 406*l + 79 </q>
		<t> 26*l + 10 </t>
	</pair>
	<pair u = "3" v = "0">
		<q> 520*l^2 + 634*l + 193 </q>
		<t> -26*l - 16 </t>
	</pair>
	<pair u = "3" v = "0">
		<q> 520*l^2 + 874*l + 367 </q>
		<t> -26*l - 22 </t>
	</pair>
	<pair u = "3" v = "1">
		<q> 120*l^2 + 66*l + 11 </q>
		<t> 6*l + 2 </t>
	</pair>
	<pair u = "3" v = "1">
		<q> 120*l^2 + 174*l + 65 </q>
		<t> -6*l - 4 </t>
	</pair>
	<pair u = "7" v = "-2">
		<q> 1480*l^2 + 346*l + 19 </q>
		<t> -74*l - 10 </t>
	</pair>
	<pair u = "7" v = "-2">
		<q> 1480*l^2 + 986*l + 163 </q>
		<t> -74*l - 26 </t>
	</pair>
	<pair u = "7" v = "-2">
		<q> 1480*l^2 + 1974*l + 657 </q>
		<t> 74*l + 48 </t>
	</pair>
	<pair u = "7" v = "-2">
		<q> 1480*l^2 + 2614*l + 1153 </q>
		<t> 74*l + 64 </t>
	</pair>
	<pair u = "7" v = "1">
		<q> 280*l^2 + 86*l + 7 </q>
		<t> -14*l - 2 </t>
	</pair>
	<pair u = "7" v = "1">
		<q> 280*l^2 + 166*l + 25 </q>
		<t> -14*l - 4 </t>
	</pair>
	<pair u = "7" v = "1">
		<q> 280*l^2 + 394*l + 139 </q>
		<t> 14*l + 10 </t>
	</pair>
	<pair u = "7" v = "1">
		<q> 280*l^2 + 474*l + 201 </q>
		<t> 14*l + 12 </t>
	</pair>
	<pair u = "9" v = "-2">
		<q> 1560*l^2 + 582*l + 53 </q>
		<t> -78*l - 16 </t>
	</pair>
	<pair u = "9" v = "-2">
		<q> 1560*l^2 + 822*l + 107 </q>
		<t> -78*l - 22 </t>
	</pair>
	<pair u = "9" v = "-2">
		<q> 1560*l^2 + 2298*l + 845 </q>
		<t> 78*l + 56 </t>
	</pair>
	<pair u = "9" v = "-2">
		<q> 1560*l^2 + 2538*l + 1031 </q>
		<t> 78*l + 62 </t>
	</pair>
</hfamily>
<hfamily h = "11">
	<pair u = "1" v = "1">
		<q> 44*l^2 + 24*l + 11 </q>
		<t> 2*l + 1 </t>
	</pair>
	<pair u = "1" v = "1">
		<q> 44*l^2 + 64*l + 31 </q>
		<t> -2*l - 1 </t>
	</pair>
	<pair u = "2" v = "0">
		<q> 572*l^2 + 128*l + 7 </q>
		<t> -26*l - 3 </t>
	</pair>
	<pair u = "2" v = "0">
		<q> 572*l^2 + 392*l + 67 </q>
		<t> -26*l - 9 </t>
	</pair>
	<pair u = "2" v = "0">
		<q> 572*l^2 + 752*l + 247 </q>
		<t> 26*l + 17 </t>
	</pair>
	<pair u = "2" v = "0">
		<q> 572*l^2 + 1016*l + 451 </q>
		<t> 26*l + 23 </t>
	</pair>
	<pair u = "4" v = "-2">
		<q> 1628*l^2 + 536*l + 43 </q>
		<t> 74*l + 11 </t>
	</pair>
	<pair u = "4" v = "-2">
		<q> 1628*l^2 + 1240*l + 235 </q>
		<t> 74*l + 27 </t>
	</pair>
	<pair u = "4" v = "-2">
		<q> 1628*l^2 + 2016*l + 623 </q>
		<t> -74*l - 47 </t>
	</pair>
	<pair u = "4" v = "-2">
		<q> 1628*l^2 + 2720*l + 1135 </q>
		<t> -74*l - 63 </t>
	</pair>
	<pair u = "7" v = "1">
		<q> 308*l^2 + 124*l + 13 </q>
		<t> 14*l + 3 </t>
	</pair>
	<pair u = "7" v = "1">
		<q> 308*l^2 + 212*l + 37 </q>
		<t> 14*l + 5 </t>
	</pair>
	<pair u = "7" v = "1">
		<q> 308*l^2 + 404*l + 133 </q>
		<t> -14*l - 9 </t>
	</pair>
	<pair u = "7" v = "1">
		<q> 308*l^2 + 492*l + 197 </q>
		<t> -14*l - 11 </t>
	</pair>
	<pair u = "8" v = "0">
		<q> 836*l^2 + 292*l + 25 </q>
		<t> -38*l - 7 </t>
	</pair>
	<pair u = "8" v = "0">
		<q> 836*l^2 + 468*l + 65 </q>
		<t> -38*l - 11 </t>
	</pair>
	<pair u = "8" v = "0">
		<q> 836*l^2 + 1204*l + 433 </q>
		<t> 38*l + 27 </t>
	</pair>
	<pair u = "8" v = "0">
		<q> 836*l^2 + 1380*l + 569 </q>
		<t> 38*l + 31 </t>
	</pair>
	<pair u = "9" v = "-1">
		<q> 1364*l^2 + 180*l + 5 </q>
		<t> -62*l - 5 </t>
	</pair>
	<pair u = "9" v = "-1">
		<q> 1364*l^2 + 1060*l + 205 </q>
		<t> -62*l - 25 </t>
	</pair>
	<pair u = "9" v = "-1">
		<q> 1364*l^2 + 1668*l + 509 </q>
		<t> 62*l + 37 </t>
	</pair>
	<pair u = "9" v = "-1">
		<q> 1364*l^2 + 2548*l + 1189 </q>
		<t> 62*l + 57 </t>
	</pair>
	<pair u = "10" v = "-2">
		<q> 1892*l^2 + 372*l + 17 </q>
		<t> 86*l + 7 </t>
	</pair>
	<pair u = "10" v = "-2">
		<q> 1892*l^2 + 1692*l + 377 </q>
		<t> 86*l + 37 </t>
	</pair>
	<pair u = "10" v = "-2">
		<q> 1892*l^2 + 2092*l + 577 </q>
		<t> -86*l - 49 </t>
	</pair>
	<pair u = "10" v = "-2">
		<q> 1892*l^2 + 3412*l + 1537 </q>
		<t> -86*l - 79 </t>
	</pair>
</hfamily>
<hfamily h = "12">
	<pair u = "1" v = "-2">
		<q> 1776*l^2 + 430*l + 25 </q>
		<t> -74*l - 10 </t>
	</pair>
	<pair u = "1" v = "-2">
		<q> 1776*l^2 + 1198*l + 201 </q>
		<t> -74*l - 26 </t>
	</pair>
	<pair u = "1" v = "-2">
		<q> 1776*l^2 + 2354*l + 779 </q>
		<t> 74*l + 48 </t>
	</pair>
	<pair u = "1" v = "-2">
		<q> 1776*l^2 + 3122*l + 1371 </q>
		<t> 74*l + 64 </t>
	</pair>
	<pair u = "1" v = "1">
		<q> 48*l^2 + 22*l + 11 </q>
		<t> -2*l </t>
	</pair>
	<pair u = "1" v = "1">
		<q> 48*l^2 + 74*l + 37 </q>
		<t> 2*l + 2 </t>
	</pair>
	<pair u = "7" v = "-2">
		<q> 2064*l^2 + 226*l + 5 </q>
		<t> -86*l - 6 </t>
	</pair>
	<pair u = "7" v = "-2">
		<q> 2064*l^2 + 1666*l + 335 </q>
		<t> -86*l - 36 </t>
	</pair>
	<pair u = "7" v = "-2">
		<q> 2064*l^2 + 2462*l + 733 </q>
		<t> 86*l + 50 </t>
	</pair>
	<pair u = "7" v = "-2">
		<q> 2064*l^2 + 3902*l + 1843 </q>
		<t> 86*l + 80 </t>
	</pair>
	<pair u = "7" v = "-1">
		<q> 1488*l^2 + 326*l + 17 </q>
		<t> 62*l + 6 </t>
	</pair>
	<pair u = "7" v = "-1">
		<q> 1488*l^2 + 1286*l + 277 </q>
		<t> 62*l + 26 </t>
	</pair>
	<pair u = "7" v = "-1">
		<q> 1488*l^2 + 1690*l + 479 </q>
		<t> -62*l - 36 </t>
	</pair>
	<pair u = "7" v = "-1">
		<q> 1488*l^2 + 2650*l + 1179 </q>
		<t> -62*l - 56 </t>
	</pair>
	<pair u = "7" v = "0">
		<q> 912*l^2 + 398*l + 43 </q>
		<t> 38*l + 8 </t>
	</pair>
	<pair u = "7" v = "0">
		<q> 912*l^2 + 590*l + 95 </q>
		<t> 38*l + 12 </t>
	</pair>
	<pair u = "7" v = "0">
		<q> 912*l^2 + 1234*l + 417 </q>
		<t> -38*l - 26 </t>
	</pair>
	<pair u = "7" v = "0">
		<q> 912*l^2 + 1426*l + 557 </q>
		<t> -38*l - 30 </t>
	</pair>
	<pair u = "7" v = "1">
		<q> 336*l^2 + 106*l + 9 </q>
		<t> -14*l - 2 </t>
	</pair>
	<pair u = "7" v = "1">
		<q> 336*l^2 + 202*l + 31 </q>
		<t> -14*l - 4 </t>
	</pair>
	<pair u = "7" v = "1">
		<q> 336*l^2 + 470*l + 165 </q>
		<t> 14*l + 10 </t>
	</pair>
	<pair u = "7" v = "1">
		<q> 336*l^2 + 566*l + 239 </q>
		<t> 14*l + 12 </t>
	</pair>
</hfamily>
<hfamily h = "13">
	<pair u = "1" v = "1">
		<q> 52*l^2 + 28*l + 13 </q>
		<t> 2*l + 1 </t>
	</pair>
	<pair u = "1" v = "1">
		<q> 52*l^2 + 76*l + 37 </q>
		<t> -2*l - 1 </t>
	</pair>
	<pair u = "3" v = "1">
		<q> 156*l^2 + 72*l + 11 </q>
		<t> -6*l - 1 </t>
	</pair>
	<pair u = "3" v = "1">
		<q> 156*l^2 + 240*l + 95 </q>
		<t> 6*l + 5 </t>
	</pair>
	<pair u = "4" v = "-2">
		<q> 2236*l^2 + 424*l + 19 </q>
		<t> 86*l + 7 </t>
	</pair>
	<pair u = "4" v = "-2">
		<q> 2236*l^2 + 1984*l + 439 </q>
		<t> 86*l + 37 </t>
	</pair>
	<pair u = "4" v = "-2">
		<q> 2236*l^2 + 2488*l + 691 </q>
		<t> -86*l - 49 </t>
	</pair>
	<pair u = "4" v = "-2">
		<q> 2236*l^2 + 4048*l + 1831 </q>
		<t> -86*l - 79 </t>
	</pair>
	<pair u = "5" v = "-1">
		<q> 1612*l^2 + 224*l + 7 </q>
		<t> -62*l - 5 </t>
	</pair>
	<pair u = "5" v = "-1">
		<q> 1612*l^2 + 1264*l + 247 </q>
		<t> -62*l - 25 </t>
	</pair>
	<pair u = "5" v = "-1">
		<q> 1612*l^2 + 1960*l + 595 </q>
		<t> 62*l + 37 </t>
	</pair>
	<pair u = "5" v = "-1">
		<q> 1612*l^2 + 3000*l + 1395 </q>
		<t> 62*l + 57 </t>
	</pair>
	<pair u = "6" v = "0">
		<q> 988*l^2 + 352*l + 31 </q>
		<t> -38*l - 7 </t>
	</pair>
	<pair u = "6" v = "0">
		<q> 988*l^2 + 560*l + 79 </q>
		<t> -38*l - 11 </t>
	</pair>
	<pair u = "6" v = "0">
		<q> 988*l^2 + 1416*l + 507 </q>
		<t> 38*l + 27 </t>
	</pair>
	<pair u = "6" v = "0">
		<q> 988*l^2 + 1624*l + 667 </q>
		<t> 38*l + 31 </t>
	</pair>
	<pair u = "7" v = "1">
		<q> 364*l^2 + 144*l + 15 </q>
		<t> 14*l + 3 </t>
	</pair>
	<pair u = "7" v = "1">
		<q> 364*l^2 + 248*l + 43 </q>
		<t> 14*l + 5 </t>
	</pair>
	<pair u = "7" v = "1">
		<q> 364*l^2 + 480*l + 159 </q>
		<t> -14*l - 9 </t>
	</pair>
	<pair u = "7" v = "1">
		<q> 364*l^2 + 584*l + 235 </q>
		<t> -14*l - 11 </t>
	</pair>
	<pair u = "8" v = "0">
		<q> 1092*l^2 + 276*l + 17 </q>
		<t> 42*l + 5 </t>
	</pair>
	<pair u = "8" v = "0">
		<q> 1092*l^2 + 900*l + 185 </q>
		<t> 42*l + 17 </t>
	</pair>
	<pair u = "8" v = "0">
		<q> 1092*l^2 + 1284*l + 377 </q>
		<t> -42*l - 25 </t>
	</pair>
	<pair u = "8" v = "0">
		<q> 1092*l^2 + 1908*l + 833 </q>
		<t> -42*l - 37 </t>
	</pair>
	<pair u = "10" v = "-2">
		<q> 2548*l^2 + 1060*l + 109 </q>
		<t> 98*l + 19 </t>
	</pair>
	<pair u = "10" v = "-2">
		<q> 2548*l^2 + 1684*l + 277 </q>
		<t> 98*l + 31 </t>
	</pair>
	<pair u = "10" v = "-2">
		<q> 2548*l^2 + 3412*l + 1141 </q>
		<t> -98*l - 67 </t>
	</pair>
	<pair u = "10" v = "-2">
		<q> 2548*l^2 + 4036*l + 1597 </q>
		<t> -98*l - 79 </t>
	</pair>
	<pair u = "11" v = "-1">
		<q> 1924*l^2 + 620*l + 49 </q>
		<t> 74*l + 11 </t>
	</pair>
	<pair u = "11" v = "-1">
		<q> 1924*l^2 + 1452*l + 273 </q>
		<t> 74*l + 27 </t>
	</pair>
	<pair u = "11" v = "-1">
		<q> 1924*l^2 + 2396*l + 745 </q>
		<t> -74*l - 47 </t>
	</pair>
	<pair u = "11" v = "-1">
		<q> 1924*l^2 + 3228*l + 1353 </q>
		<t> -74*l - 63 </t>
	</pair>
</hfamily>
<hfamily h = "14">
	<pair u = "1" v = "-2">
		<q> 2408*l^2 + 278*l + 7 </q>
		<t> -86*l - 6 </t>
	</pair>
	<pair u = "1" v = "-2">
		<q> 2408*l^2 + 1958*l + 397 </q>
		<t> -86*l - 36 </t>
	</pair>
	<pair u = "1" v = "-2">
		<q> 2408*l^2 + 2858*l + 847 </q>
		<t> 86*l + 50 </t>
	</pair>
	<pair u = "1" v = "-2">
		<q> 2408*l^2 + 4538*l + 2137 </q>
		<t> 86*l + 80 </t>
	</pair>
	<pair u = "1" v = "1">
		<q> 56*l^2 + 26*l + 13 </q>
		<t> -2*l </t>
	</pair>
	<pair u = "1" v = "1">
		<q> 56*l^2 + 86*l + 43 </q>
		<t> 2*l + 2 </t>
	</pair>
	<pair u = "3" v = "-1">
		<q> 1736*l^2 + 370*l + 19 </q>
		<t> 62*l + 6 </t>
	</pair>
	<pair u = "3" v = "-1">
		<q> 1736*l^2 + 1490*l + 319 </q>
		<t> 62*l + 26 </t>
	</pair>
	<pair u = "3" v = "-1">
		<q> 1736*l^2 + 1982*l + 565 </q>
		<t> -62*l - 36 </t>
	</pair>
	<pair u = "3" v = "-1">
		<q> 1736*l^2 + 3102*l + 1385 </q>
		<t> -62*l - 56 </t>
	</pair>
	<pair u = "5" v = "0">
		<q> 1064*l^2 + 458*l + 49 </q>
		<t> 38*l + 8 </t>
	</pair>
	<pair u = "5" v = "0">
		<q> 1064*l^2 + 682*l + 109 </q>
		<t> 38*l + 12 </t>
	</pair>
	<pair u = "5" v = "0">
		<q> 1064*l^2 + 1446*l + 491 </q>
		<t> -38*l - 26 </t>
	</pair>
	<pair u = "5" v = "0">
		<q> 1064*l^2 + 1670*l + 655 </q>
		<t> -38*l - 30 </t>
	</pair>
	<pair u = "9" v = "-1">
		<q> 2072*l^2 + 514*l + 31 </q>
		<t> -74*l - 10 </t>
	</pair>
	<pair u = "9" v = "-1">
		<q> 2072*l^2 + 1410*l + 239 </q>
		<t> -74*l - 26 </t>
	</pair>
	<pair u = "9" v = "-1">
		<q> 2072*l^2 + 2734*l + 901 </q>
		<t> 74*l + 48 </t>
	</pair>
	<pair u = "9" v = "-1">
		<q> 2072*l^2 + 3630*l + 1589 </q>
		<t> 74*l + 64 </t>
	</pair>
	<pair u = "13" v = "1">
		<q> 728*l^2 + 222*l + 17 </q>
		<t> 26*l + 4 </t>
	</pair>
	<pair u = "13" v = "1">
		<q> 728*l^2 + 558*l + 107 </q>
		<t> 26*l + 10 </t>
	</pair>
	<pair u = "13" v = "1">
		<q> 728*l^2 + 898*l + 277 </q>
		<t> -26*l - 16 </t>
	</pair>
	<pair u = "13" v = "1">
		<q> 728*l^2 + 1234*l + 523 </q>
		<t> -26*l - 22 </t>
	</pair>
</hfamily>
<hfamily h = "15">
	<pair u = "1" v = "-1">
		<q> 1860*l^2 + 268*l + 9 </q>
		<t> -62*l - 5 </t>
	</pair>
	<pair u = "1" v = "-1">
		<q> 1860*l^2 + 1468*l + 289 </q>
		<t> -62*l - 25 </t>
	</pair>
	<pair u = "1" v = "-1">
		<q> 1860*l^2 + 2252*l + 681 </q>
		<t> 62*l + 37 </t>
	</pair>
	<pair u = "1" v = "-1">
		<q> 1860*l^2 + 3452*l + 1601 </q>
		<t> 62*l + 57 </t>
	</pair>
	<pair u = "1" v = "1">
		<q> 60*l^2 + 32*l + 15 </q>
		<t> 2*l + 1 </t>
	</pair>
	<pair u = "1" v = "1">
		<q> 60*l^2 + 88*l + 43 </q>
		<t> -2*l - 1 </t>
	</pair>
	<pair u = "4" v = "-2">
		<q> 2940*l^2 + 1208*l + 123 </q>
		<t> 98*l + 19 </t>
	</pair>
	<pair u = "4" v = "-2">
		<q> 2940*l^2 + 1928*l + 315 </q>
		<t> 98*l + 31 </t>
	</pair>
	<pair u = "4" v = "-2">
		<q> 2940*l^2 + 3952*l + 1327 </q>
		<t> -98*l - 67 </t>
	</pair>
	<pair u = "4" v = "-2">
		<q> 2940*l^2 + 4672*l + 1855 </q>
		<t> -98*l - 79 </t>
	</pair>
	<pair u = "7" v = "-1">
		<q> 2220*l^2 + 704*l + 55 </q>
		<t> 74*l + 11 </t>
	</pair>
	<pair u = "7" v = "-1">
		<q> 2220*l^2 + 1664*l + 311 </q>
		<t> 74*l + 27 </t>
	</pair>
	<pair u = "7" v = "-1">
		<q> 2220*l^2 + 2776*l + 867 </q>
		<t> -74*l - 47 </t>
	</pair>
	<pair u = "7" v = "-1">
		<q> 2220*l^2 + 3736*l + 1571 </q>
		<t> -74*l - 63 </t>
	</pair>
	<pair u = "7" v = "1">
		<q> 420*l^2 + 164*l + 17 </q>
		<t> 14*l + 3 </t>
	</pair>
	<pair u = "7" v = "1">
		<q> 420*l^2 + 284*l + 49 </q>
		<t> 14*l + 5 </t>
	</pair>
	<pair u = "7" v = "1">
		<q> 420*l^2 + 556*l + 185 </q>
		<t> -14*l - 9 </t>
	</pair>
	<pair u = "7" v = "1">
		<q> 420*l^2 + 676*l + 273 </q>
		<t> -14*l - 11 </t>
	</pair>
	<pair u = "13" v = "-1">
		<q> 2580*l^2 + 476*l + 21 </q>
		<t> 86*l + 7 </t>
	</pair>
	<pair u = "13" v = "-1">
		<q> 2580*l^2 + 2276*l + 501 </q>
		<t> 86*l + 37 </t>
	</pair>
	<pair u = "13" v = "-1">
		<q> 2580*l^2 + 2884*l + 805 </q>
		<t> -86*l - 49 </t>
	</pair>
	<pair u = "13" v = "-1">
		<q> 2580*l^2 + 4684*l + 2125 </q>
		<t> -86*l - 79 </t>
	</pair>
	<pair u = "13" v = "1">
		<q> 780*l^2 + 184*l + 11 </q>
		<t> -26*l - 3 </t>
	</pair>
	<pair u = "13" v = "1">
		<q> 780*l^2 + 544*l + 95 </q>
		<t> -26*l - 9 </t>
	</pair>
	<pair u = "13" v = "1">
		<q> 780*l^2 + 1016*l + 331 </q>
		<t> 26*l + 17 </t>
	</pair>
	<pair u = "13" v = "1">
		<q> 780*l^2 + 1376*l + 607 </q>
		<t> 26*l + 23 </t>
	</pair>
</hfamily>
<hfamily h = "16">
	<pair u = "1" v = "-2">
		<q> 3136*l^2 + 1086*l + 93 </q>
		<t> -98*l - 18 </t>
	</pair>
	<pair u = "1" v = "-2">
		<q> 3136*l^2 + 1854*l + 273 </q>
		<t> -98*l - 30 </t>
	</pair>
	<pair u = "1" v = "-2">
		<q> 3136*l^2 + 4418*l + 1555 </q>
		<t> 98*l + 68 </t>
	</pair>
	<pair u = "1" v = "-2">
		<q> 3136*l^2 + 5186*l + 2143 </q>
		<t> 98*l + 80 </t>
	</pair>
	<pair u = "1" v = "1">
		<q> 64*l^2 + 30*l + 15 </q>
		<t> -2*l </t>
	</pair>
	<pair u = "1" v = "1">
		<q> 64*l^2 + 98*l + 49 </q>
		<t> 2*l + 2 </t>
	</pair>
	<pair u = "3" v = "0">
		<q> 1216*l^2 + 518*l + 55 </q>
		<t> 38*l + 8 </t>
	</pair>
	<pair u = "3" v = "0">
		<q> 1216*l^2 + 774*l + 123 </q>
		<t> 38*l + 12 </t>
	</pair>
	<pair u = "3" v = "0">
		<q> 1216*l^2 + 1658*l + 565 </q>
		<t> -38*l - 26 </t>
	</pair>
	<pair u = "3" v = "0">
		<q> 1216*l^2 + 1914*l + 753 </q>
		<t> -38*l - 30 </t>
	</pair>
	<pair u = "3" v = "1">
		<q> 192*l^2 + 102*l + 17 </q>
		<t> 6*l + 2 </t>
	</pair>
	<pair u = "3" v = "1">
		<q> 192*l^2 + 282*l + 107 </q>
		<t> -6*l - 4 </t>
	</pair>
	<pair u = "5" v = "-1">
		<q> 2368*l^2 + 598*l + 37 </q>
		<t> -74*l - 10 </t>
	</pair>
	<pair u = "5" v = "-1">
		<q> 2368*l^2 + 1622*l + 277 </q>
		<t> -74*l - 26 </t>
	</pair>
	<pair u = "5" v = "-1">
		<q> 2368*l^2 + 3114*l + 1023 </q>
		<t> 74*l + 48 </t>
	</pair>
	<pair u = "5" v = "-1">
		<q> 2368*l^2 + 4138*l + 1807 </q>
		<t> 74*l + 64 </t>
	</pair>
	<pair u = "5" v = "0">
		<q> 1344*l^2 + 246*l + 11 </q>
		<t> -42*l - 4 </t>
	</pair>
	<pair u = "5" v = "0">
		<q> 1344*l^2 + 1014*l + 191 </q>
		<t> -42*l - 16 </t>
	</pair>
	<pair u = "5" v = "0">
		<q> 1344*l^2 + 1674*l + 521 </q>
		<t> 42*l + 26 </t>
	</pair>
	<pair u = "5" v = "0">
		<q> 1344*l^2 + 2442*l + 1109 </q>
		<t> 42*l + 38 </t>
	</pair>
	<pair u = "7" v = "-1">
		<q> 2496*l^2 + 978*l + 95 </q>
		<t> -78*l - 16 </t>
	</pair>
	<pair u = "7" v = "-1">
		<q> 2496*l^2 + 1362*l + 185 </q>
		<t> -78*l - 22 </t>
	</pair>
	<pair u = "7" v = "-1">
		<q> 2496*l^2 + 3630*l + 1319 </q>
		<t> 78*l + 56 </t>
	</pair>
	<pair u = "7" v = "-1">
		<q> 2496*l^2 + 4014*l + 1613 </q>
		<t> 78*l + 62 </t>
	</pair>
	<pair u = "7" v = "1">
		<q> 448*l^2 + 146*l + 13 </q>
		<t> -14*l - 2 </t>
	</pair>
	<pair u = "7" v = "1">
		<q> 448*l^2 + 274*l + 43 </q>
		<t> -14*l - 4 </t>
	</pair>
	<pair u = "7" v = "1">
		<q> 448*l^2 + 622*l + 217 </q>
		<t> 14*l + 10 </t>
	</pair>
	<pair u = "7" v = "1">
		<q> 448*l^2 + 750*l + 315 </q>
		<t> 14*l + 12 </t>
	</pair>
	<pair u = "9" v = "-2">
		<q> 3648*l^2 + 594*l + 23 </q>
		<t> 114*l + 8 </t>
	</pair>
	<pair u = "9" v = "-2">
		<q> 3648*l^2 + 3282*l + 737 </q>
		<t> 114*l + 50 </t>
	</pair>
	<pair u = "9" v = "-2">
		<q> 3648*l^2 + 4014*l + 1103 </q>
		<t> -114*l - 64 </t>
	</pair>
	<pair u = "9" v = "-2">
		<q> 3648*l^2 + 6702*l + 3077 </q>
		<t> -114*l - 106 </t>
	</pair>
	<pair u = "11" v = "-1">
		<q> 2752*l^2 + 330*l + 9 </q>
		<t> -86*l - 6 </t>
	</pair>
	<pair u = "11" v = "-1">
		<q> 2752*l^2 + 2250*l + 459 </q>
		<t> -86*l - 36 </t>
	</pair>
	<pair u = "11" v = "-1">
		<q> 2752*l^2 + 3254*l + 961 </q>
		<t> 86*l + 50 </t>
	</pair>
	<pair u = "11" v = "-1">
		<q> 2752*l^2 + 5174*l + 2431 </q>
		<t> 86*l + 80 </t>
	</pair>
	<pair u = "13" v = "-2">
		<q> 3904*l^2 + 986*l + 61 </q>
		<t> 122*l + 14 </t>
	</pair>
	<pair u = "13" v = "-2">
		<q> 3904*l^2 + 3162*l + 639 </q>
		<t> 122*l + 48 </t>
	</pair>
	<pair u = "13" v = "-2">
		<q> 3904*l^2 + 4646*l + 1381 </q>
		<t> -122*l - 74 </t>
	</pair>
	<pair u = "13" v = "-2">
		<q> 3904*l^2 + 6822*l + 2979 </q>
		<t> -122*l - 108 </t>
	</pair>
	<pair u = "13" v = "1">
		<q> 832*l^2 + 250*l + 19 </q>
		<t> 26*l + 4 </t>
	</pair>
	<pair u = "13" v = "1">
		<q> 832*l^2 + 634*l + 121 </q>
		<t> 26*l + 10 </t>
	</pair>
	<pair u = "13" v = "1">
		<q> 832*l^2 + 1030*l + 319 </q>
		<t> -26*l - 16 </t>
	</pair>
	<pair u = "13" v = "1">
		<q> 832*l^2 + 1414*l + 601 </q>
		<t> -26*l - 22 </t>
	</pair>
	<pair u = "15" v = "0">
		<q> 1984*l^2 + 414*l + 21 </q>
		<t> 62*l + 6 </t>
	</pair>
	<pair u = "15" v = "0">
		<q> 1984*l^2 + 1694*l + 361 </q>
		<t> 62*l + 26 </t>
	</pair>
	<pair u = "15" v = "0">
		<q> 1984*l^2 + 2274*l + 651 </q>
		<t> -62*l - 36 </t>
	</pair>
	<pair u = "15" v = "0">
		<q> 1984*l^2 + 3554*l + 1591 </q>
		<t> -62*l - 56 </t>
	</pair>
</hfamily>
</formulae>
