<!DOCTYPE ecc SYSTEM "formulae.dtd" []>

<formulae>
<hfamily h = "2">
	<pair u = "1" v = "2">
		<q> 8*l^2 + 6*l + 3 </q>
		<t> -2*l </t>
	</pair>
	<pair u = "1" v = "2">
		<q> 8*l^2 + 10*l + 5 </q>
		<t> 2*l + 2 </t>
	</pair>
</hfamily>
<hfamily h = "3">
	<pair u = "1" v = "2">
		<q> 12*l^2 + 2*l + 3 </q>
		<t> 2*l + 1 </t>
	</pair>
	<pair u = "1" v = "2">
		<q> 12*l^2 + 10*l + 5 </q>
		<t> -2*l </t>
	</pair>
	<pair u = "1" v = "2">
		<q> 12*l^2 + 14*l + 7 </q>
		<t> 2*l + 2 </t>
	</pair>
	<pair u = "1" v = "2">
		<q> 12*l^2 + 22*l + 13 </q>
		<t> -2*l - 1 </t>
	</pair>
	<pair u = "2" v = "1">
		<q> 60*l^2 + 14*l + 1 </q>
		<t> -10*l - 1 </t>
	</pair>
	<pair u = "2" v = "1">
		<q> 60*l^2 + 26*l + 3 </q>
		<t> -10*l - 2 </t>
	</pair>
	<pair u = "2" v = "1">
		<q> 60*l^2 + 34*l + 5 </q>
		<t> 10*l + 3 </t>
	</pair>
	<pair u = "2" v = "1">
		<q> 60*l^2 + 46*l + 9 </q>
		<t> 10*l + 4 </t>
	</pair>
	<pair u = "2" v = "1">
		<q> 60*l^2 + 74*l + 23 </q>
		<t> -10*l - 6 </t>
	</pair>
	<pair u = "2" v = "1">
		<q> 60*l^2 + 86*l + 31 </q>
		<t> -10*l - 7 </t>
	</pair>
	<pair u = "2" v = "1">
		<q> 60*l^2 + 94*l + 37 </q>
		<t> 10*l + 8 </t>
	</pair>
	<pair u = "2" v = "1">
		<q> 60*l^2 + 106*l + 47 </q>
		<t> 10*l + 9 </t>
	</pair>
</hfamily>
<hfamily h = "4">
	<pair u = "1" v = "-1">
		<q> 208*l^2 + 54*l + 3 </q>
		<t> -26*l - 4 </t>
	</pair>
	<pair u = "1" v = "-1">
		<q> 208*l^2 + 106*l + 13 </q>
		<t> 26*l + 6 </t>
	</pair>
	<pair u = "1" v = "-1">
		<q> 208*l^2 + 310*l + 115 </q>
		<t> -26*l - 20 </t>
	</pair>
	<pair u = "1" v = "-1">
		<q> 208*l^2 + 362*l + 157 </q>
		<t> 26*l + 22 </t>
	</pair>
	<pair u = "1" v = "1">
		<q> 80*l^2 + 38*l + 5 </q>
		<t> -10*l - 2 </t>
	</pair>
	<pair u = "1" v = "1">
		<q> 80*l^2 + 58*l + 11 </q>
		<t> 10*l + 4 </t>
	</pair>
	<pair u = "1" v = "1">
		<q> 80*l^2 + 102*l + 33 </q>
		<t> -10*l - 6 </t>
	</pair>
	<pair u = "1" v = "1">
		<q> 80*l^2 + 122*l + 47 </q>
		<t> 10*l + 8 </t>
	</pair>
	<pair u = "1" v = "2">
		<q> 16*l^2 + 14*l + 7 </q>
		<t> -2*l </t>
	</pair>
	<pair u = "1" v = "2">
		<q> 16*l^2 + 18*l + 9 </q>
		<t> 2*l + 2 </t>
	</pair>
</hfamily>
<hfamily h = "5">
	<pair u = "1" v = "2">
		<q> 20*l^2 + 2*l + 5 </q>
		<t> 2*l + 1 </t>
	</pair>
	<pair u = "1" v = "2">
		<q> 20*l^2 + 18*l + 9 </q>
		<t> -2*l </t>
	</pair>
	<pair u = "1" v = "2">
		<q> 20*l^2 + 22*l + 11 </q>
		<t> 2*l + 2 </t>
	</pair>
	<pair u = "1" v = "2">
		<q> 20*l^2 + 38*l + 23 </q>
		<t> -2*l - 1 </t>
	</pair>
	<pair u = "2" v = "-1">
		<q> 340*l^2 + 46*l + 1 </q>
		<t> -34*l - 3 </t>
	</pair>
	<pair u = "2" v = "-1">
		<q> 340*l^2 + 114*l + 9 </q>
		<t> 34*l + 5 </t>
	</pair>
	<pair u = "2" v = "-1">
		<q> 340*l^2 + 226*l + 37 </q>
		<t> -34*l - 12 </t>
	</pair>
	<pair u = "2" v = "-1">
		<q> 340*l^2 + 294*l + 63 </q>
		<t> 34*l + 14 </t>
	</pair>
	<pair u = "2" v = "-1">
		<q> 340*l^2 + 386*l + 109 </q>
		<t> -34*l - 20 </t>
	</pair>
	<pair u = "2" v = "-1">
		<q> 340*l^2 + 454*l + 151 </q>
		<t> 34*l + 22 </t>
	</pair>
	<pair u = "2" v = "-1">
		<q> 340*l^2 + 566*l + 235 </q>
		<t> -34*l - 29 </t>
	</pair>
	<pair u = "2" v = "-1">
		<q> 340*l^2 + 634*l + 295 </q>
		<t> 34*l + 31 </t>
	</pair>
	<pair u = "3" v = "0">
		<q> 260*l^2 + 74*l + 5 </q>
		<t> -26*l - 4 </t>
	</pair>
	<pair u = "3" v = "0">
		<q> 260*l^2 + 126*l + 15 </q>
		<t> 26*l + 6 </t>
	</pair>
	<pair u = "3" v = "0">
		<q> 260*l^2 + 134*l + 17 </q>
		<t> -26*l - 7 </t>
	</pair>
	<pair u = "3" v = "0">
		<q> 260*l^2 + 186*l + 33 </q>
		<t> 26*l + 9 </t>
	</pair>
	<pair u = "3" v = "0">
		<q> 260*l^2 + 334*l + 107 </q>
		<t> -26*l - 17 </t>
	</pair>
	<pair u = "3" v = "0">
		<q> 260*l^2 + 386*l + 143 </q>
		<t> 26*l + 19 </t>
	</pair>
	<pair u = "3" v = "0">
		<q> 260*l^2 + 394*l + 149 </q>
		<t> -26*l - 20 </t>
	</pair>
	<pair u = "3" v = "0">
		<q> 260*l^2 + 446*l + 191 </q>
		<t> 26*l + 22 </t>
	</pair>
</hfamily>
<hfamily h = "6">
	<pair u = "1" v = "2">
		<q> 24*l^2 + 22*l + 11 </q>
		<t> -2*l </t>
	</pair>
	<pair u = "1" v = "2">
		<q> 24*l^2 + 26*l + 13 </q>
		<t> 2*l + 2 </t>
	</pair>
	<pair u = "5" v = "0">
		<q> 408*l^2 + 278*l + 47 </q>
		<t> -34*l - 12 </t>
	</pair>
	<pair u = "5" v = "0">
		<q> 408*l^2 + 346*l + 73 </q>
		<t> 34*l + 14 </t>
	</pair>
	<pair u = "5" v = "0">
		<q> 408*l^2 + 470*l + 135 </q>
		<t> -34*l - 20 </t>
	</pair>
	<pair u = "5" v = "0">
		<q> 408*l^2 + 538*l + 177 </q>
		<t> 34*l + 22 </t>
	</pair>
	<pair u = "5" v = "2">
		<q> 120*l^2 + 62*l + 9 </q>
		<t> -10*l - 2 </t>
	</pair>
	<pair u = "5" v = "2">
		<q> 120*l^2 + 82*l + 15 </q>
		<t> 10*l + 4 </t>
	</pair>
	<pair u = "5" v = "2">
		<q> 120*l^2 + 158*l + 53 </q>
		<t> -10*l - 6 </t>
	</pair>
	<pair u = "5" v = "2">
		<q> 120*l^2 + 178*l + 67 </q>
		<t> 10*l + 8 </t>
	</pair>
</hfamily>
<hfamily h = "7">
	<pair u = "1" v = "2">
		<q> 28*l^2 + 2*l + 7 </q>
		<t> 2*l + 1 </t>
	</pair>
	<pair u = "1" v = "2">
		<q> 28*l^2 + 26*l + 13 </q>
		<t> -2*l </t>
	</pair>
	<pair u = "1" v = "2">
		<q> 28*l^2 + 30*l + 15 </q>
		<t> 2*l + 2 </t>
	</pair>
	<pair u = "1" v = "2">
		<q> 28*l^2 + 54*l + 33 </q>
		<t> -2*l - 1 </t>
	</pair>
	<pair u = "3" v = "0">
		<q> 476*l^2 + 78*l + 3 </q>
		<t> -34*l - 3 </t>
	</pair>
	<pair u = "3" v = "0">
		<q> 476*l^2 + 146*l + 11 </q>
		<t> 34*l + 5 </t>
	</pair>
	<pair u = "3" v = "0">
		<q> 476*l^2 + 330*l + 57 </q>
		<t> -34*l - 12 </t>
	</pair>
	<pair u = "3" v = "0">
		<q> 476*l^2 + 398*l + 83 </q>
		<t> 34*l + 14 </t>
	</pair>
	<pair u = "3" v = "0">
		<q> 476*l^2 + 554*l + 161 </q>
		<t> -34*l - 20 </t>
	</pair>
	<pair u = "3" v = "0">
		<q> 476*l^2 + 622*l + 203 </q>
		<t> 34*l + 22 </t>
	</pair>
	<pair u = "3" v = "0">
		<q> 476*l^2 + 806*l + 341 </q>
		<t> -34*l - 29 </t>
	</pair>
	<pair u = "3" v = "0">
		<q> 476*l^2 + 874*l + 401 </q>
		<t> 34*l + 31 </t>
	</pair>
	<pair u = "4" v = "-1">
		<q> 700*l^2 + 146*l + 7 </q>
		<t> -50*l - 6 </t>
	</pair>
	<pair u = "4" v = "-1">
		<q> 700*l^2 + 246*l + 21 </q>
		<t> 50*l + 8 </t>
	</pair>
	<pair u = "4" v = "-1">
		<q> 700*l^2 + 454*l + 73 </q>
		<t> -50*l - 17 </t>
	</pair>
	<pair u = "4" v = "-1">
		<q> 700*l^2 + 554*l + 109 </q>
		<t> 50*l + 19 </t>
	</pair>
	<pair u = "4" v = "-1">
		<q> 700*l^2 + 846*l + 255 </q>
		<t> -50*l - 31 </t>
	</pair>
	<pair u = "4" v = "-1">
		<q> 700*l^2 + 946*l + 319 </q>
		<t> 50*l + 33 </t>
	</pair>
	<pair u = "4" v = "-1">
		<q> 700*l^2 + 1154*l + 475 </q>
		<t> -50*l - 42 </t>
	</pair>
	<pair u = "4" v = "-1">
		<q> 700*l^2 + 1254*l + 561 </q>
		<t> 50*l + 44 </t>
	</pair>
	<pair u = "5" v = "2">
		<q> 140*l^2 + 46*l + 5 </q>
		<t> -10*l - 1 </t>
	</pair>
	<pair u = "5" v = "2">
		<q> 140*l^2 + 66*l + 9 </q>
		<t> 10*l + 3 </t>
	</pair>
	<pair u = "5" v = "2">
		<q> 140*l^2 + 74*l + 11 </q>
		<t> -10*l - 2 </t>
	</pair>
	<pair u = "5" v = "2">
		<q> 140*l^2 + 94*l + 17 </q>
		<t> 10*l + 4 </t>
	</pair>
	<pair u = "5" v = "2">
		<q> 140*l^2 + 186*l + 63 </q>
		<t> -10*l - 6 </t>
	</pair>
	<pair u = "5" v = "2">
		<q> 140*l^2 + 206*l + 77 </q>
		<t> 10*l + 8 </t>
	</pair>
	<pair u = "5" v = "2">
		<q> 140*l^2 + 214*l + 83 </q>
		<t> -10*l - 7 </t>
	</pair>
	<pair u = "5" v = "2">
		<q> 140*l^2 + 234*l + 99 </q>
		<t> 10*l + 9 </t>
	</pair>
	<pair u = "6" v = "1">
		<q> 364*l^2 + 114*l + 9 </q>
		<t> -26*l - 4 </t>
	</pair>
	<pair u = "6" v = "1">
		<q> 364*l^2 + 166*l + 19 </q>
		<t> 26*l + 6 </t>
	</pair>
	<pair u = "6" v = "1">
		<q> 364*l^2 + 198*l + 27 </q>
		<t> -26*l - 7 </t>
	</pair>
	<pair u = "6" v = "1">
		<q> 364*l^2 + 250*l + 43 </q>
		<t> 26*l + 9 </t>
	</pair>
	<pair u = "6" v = "1">
		<q> 364*l^2 + 478*l + 157 </q>
		<t> -26*l - 17 </t>
	</pair>
	<pair u = "6" v = "1">
		<q> 364*l^2 + 530*l + 193 </q>
		<t> 26*l + 19 </t>
	</pair>
	<pair u = "6" v = "1">
		<q> 364*l^2 + 562*l + 217 </q>
		<t> -26*l - 20 </t>
	</pair>
	<pair u = "6" v = "1">
		<q> 364*l^2 + 614*l + 259 </q>
		<t> 26*l + 22 </t>
	</pair>
</hfamily>
<hfamily h = "8">
	<pair u = "1" v = "-1">
		<q> 800*l^2 + 174*l + 9 </q>
		<t> -50*l - 6 </t>
	</pair>
	<pair u = "1" v = "-1">
		<q> 800*l^2 + 274*l + 23 </q>
		<t> 50*l + 8 </t>
	</pair>
	<pair u = "1" v = "-1">
		<q> 800*l^2 + 1326*l + 549 </q>
		<t> -50*l - 42 </t>
	</pair>
	<pair u = "1" v = "-1">
		<q> 800*l^2 + 1426*l + 635 </q>
		<t> 50*l + 44 </t>
	</pair>
	<pair u = "1" v = "0">
		<q> 544*l^2 + 382*l + 67 </q>
		<t> -34*l - 12 </t>
	</pair>
	<pair u = "1" v = "0">
		<q> 544*l^2 + 450*l + 93 </q>
		<t> 34*l + 14 </t>
	</pair>
	<pair u = "1" v = "0">
		<q> 544*l^2 + 638*l + 187 </q>
		<t> -34*l - 20 </t>
	</pair>
	<pair u = "1" v = "0">
		<q> 544*l^2 + 706*l + 229 </q>
		<t> 34*l + 22 </t>
	</pair>
	<pair u = "1" v = "2">
		<q> 32*l^2 + 30*l + 15 </q>
		<t> -2*l </t>
	</pair>
	<pair u = "1" v = "2">
		<q> 32*l^2 + 34*l + 17 </q>
		<t> 2*l + 2 </t>
	</pair>
	<pair u = "5" v = "-1">
		<q> 928*l^2 + 486*l + 63 </q>
		<t> -58*l - 16 </t>
	</pair>
	<pair u = "5" v = "-1">
		<q> 928*l^2 + 602*l + 97 </q>
		<t> 58*l + 18 </t>
	</pair>
	<pair u = "5" v = "-1">
		<q> 928*l^2 + 1254*l + 423 </q>
		<t> -58*l - 40 </t>
	</pair>
	<pair u = "5" v = "-1">
		<q> 928*l^2 + 1370*l + 505 </q>
		<t> 58*l + 42 </t>
	</pair>
	<pair u = "5" v = "1">
		<q> 416*l^2 + 134*l + 11 </q>
		<t> -26*l - 4 </t>
	</pair>
	<pair u = "5" v = "1">
		<q> 416*l^2 + 186*l + 21 </q>
		<t> 26*l + 6 </t>
	</pair>
	<pair u = "5" v = "1">
		<q> 416*l^2 + 646*l + 251 </q>
		<t> -26*l - 20 </t>
	</pair>
	<pair u = "5" v = "1">
		<q> 416*l^2 + 698*l + 293 </q>
		<t> 26*l + 22 </t>
	</pair>
	<pair u = "5" v = "2">
		<q> 160*l^2 + 86*l + 13 </q>
		<t> -10*l - 2 </t>
	</pair>
	<pair u = "5" v = "2">
		<q> 160*l^2 + 106*l + 19 </q>
		<t> 10*l + 4 </t>
	</pair>
	<pair u = "5" v = "2">
		<q> 160*l^2 + 214*l + 73 </q>
		<t> -10*l - 6 </t>
	</pair>
	<pair u = "5" v = "2">
		<q> 160*l^2 + 234*l + 87 </q>
		<t> 10*l + 8 </t>
	</pair>
</hfamily>
<hfamily h = "9">
	<pair u = "1" v = "2">
		<q> 36*l^2 + 2*l + 9 </q>
		<t> 2*l + 1 </t>
	</pair>
	<pair u = "1" v = "2">
		<q> 36*l^2 + 34*l + 17 </q>
		<t> -2*l </t>
	</pair>
	<pair u = "1" v = "2">
		<q> 36*l^2 + 38*l + 19 </q>
		<t> 2*l + 2 </t>
	</pair>
	<pair u = "1" v = "2">
		<q> 36*l^2 + 70*l + 43 </q>
		<t> -2*l - 1 </t>
	</pair>
	<pair u = "2" v = "-1">
		<q> 1044*l^2 + 374*l + 33 </q>
		<t> -58*l - 11 </t>
	</pair>
	<pair u = "2" v = "-1">
		<q> 1044*l^2 + 490*l + 57 </q>
		<t> 58*l + 13 </t>
	</pair>
	<pair u = "2" v = "-1">
		<q> 1044*l^2 + 554*l + 73 </q>
		<t> -58*l - 16 </t>
	</pair>
	<pair u = "2" v = "-1">
		<q> 1044*l^2 + 670*l + 107 </q>
		<t> 58*l + 18 </t>
	</pair>
	<pair u = "2" v = "-1">
		<q> 1044*l^2 + 1418*l + 481 </q>
		<t> -58*l - 40 </t>
	</pair>
	<pair u = "2" v = "-1">
		<q> 1044*l^2 + 1534*l + 563 </q>
		<t> 58*l + 42 </t>
	</pair>
	<pair u = "2" v = "-1">
		<q> 1044*l^2 + 1598*l + 611 </q>
		<t> -58*l - 45 </t>
	</pair>
	<pair u = "2" v = "-1">
		<q> 1044*l^2 + 1714*l + 703 </q>
		<t> 58*l + 47 </t>
	</pair>
	<pair u = "4" v = "1">
		<q> 468*l^2 + 154*l + 13 </q>
		<t> -26*l - 4 </t>
	</pair>
	<pair u = "4" v = "1">
		<q> 468*l^2 + 206*l + 23 </q>
		<t> 26*l + 6 </t>
	</pair>
	<pair u = "4" v = "1">
		<q> 468*l^2 + 262*l + 37 </q>
		<t> -26*l - 7 </t>
	</pair>
	<pair u = "4" v = "1">
		<q> 468*l^2 + 314*l + 53 </q>
		<t> 26*l + 9 </t>
	</pair>
	<pair u = "4" v = "1">
		<q> 468*l^2 + 622*l + 207 </q>
		<t> -26*l - 17 </t>
	</pair>
	<pair u = "4" v = "1">
		<q> 468*l^2 + 674*l + 243 </q>
		<t> 26*l + 19 </t>
	</pair>
	<pair u = "4" v = "1">
		<q> 468*l^2 + 730*l + 285 </q>
		<t> -26*l - 20 </t>
	</pair>
	<pair u = "4" v = "1">
		<q> 468*l^2 + 782*l + 327 </q>
		<t> 26*l + 22 </t>
	</pair>
	<pair u = "5" v = "2">
		<q> 180*l^2 + 62*l + 7 </q>
		<t> -10*l - 1 </t>
	</pair>
	<pair u = "5" v = "2">
		<q> 180*l^2 + 82*l + 11 </q>
		<t> 10*l + 3 </t>
	</pair>
	<pair u = "5" v = "2">
		<q> 180*l^2 + 98*l + 15 </q>
		<t> -10*l - 2 </t>
	</pair>
	<pair u = "5" v = "2">
		<q> 180*l^2 + 118*l + 21 </q>
		<t> 10*l + 4 </t>
	</pair>
	<pair u = "5" v = "2">
		<q> 180*l^2 + 242*l + 83 </q>
		<t> -10*l - 6 </t>
	</pair>
	<pair u = "5" v = "2">
		<q> 180*l^2 + 262*l + 97 </q>
		<t> 10*l + 8 </t>
	</pair>
	<pair u = "5" v = "2">
		<q> 180*l^2 + 278*l + 109 </q>
		<t> -10*l - 7 </t>
	</pair>
	<pair u = "5" v = "2">
		<q> 180*l^2 + 298*l + 125 </q>
		<t> 10*l + 9 </t>
	</pair>
	<pair u = "7" v = "0">
		<q> 900*l^2 + 202*l + 11 </q>
		<t> -50*l - 6 </t>
	</pair>
	<pair u = "7" v = "0">
		<q> 900*l^2 + 302*l + 25 </q>
		<t> 50*l + 8 </t>
	</pair>
	<pair u = "7" v = "0">
		<q> 900*l^2 + 598*l + 99 </q>
		<t> -50*l - 17 </t>
	</pair>
	<pair u = "7" v = "0">
		<q> 900*l^2 + 698*l + 135 </q>
		<t> 50*l + 19 </t>
	</pair>
	<pair u = "7" v = "0">
		<q> 900*l^2 + 1102*l + 337 </q>
		<t> -50*l - 31 </t>
	</pair>
	<pair u = "7" v = "0">
		<q> 900*l^2 + 1202*l + 401 </q>
		<t> 50*l + 33 </t>
	</pair>
	<pair u = "7" v = "0">
		<q> 900*l^2 + 1498*l + 623 </q>
		<t> -50*l - 42 </t>
	</pair>
	<pair u = "7" v = "0">
		<q> 900*l^2 + 1598*l + 709 </q>
		<t> 50*l + 44 </t>
	</pair>
	<pair u = "8" v = "1">
		<q> 612*l^2 + 110*l + 5 </q>
		<t> -34*l - 3 </t>
	</pair>
	<pair u = "8" v = "1">
		<q> 612*l^2 + 178*l + 13 </q>
		<t> 34*l + 5 </t>
	</pair>
	<pair u = "8" v = "1">
		<q> 612*l^2 + 434*l + 77 </q>
		<t> -34*l - 12 </t>
	</pair>
	<pair u = "8" v = "1">
		<q> 612*l^2 + 502*l + 103 </q>
		<t> 34*l + 14 </t>
	</pair>
	<pair u = "8" v = "1">
		<q> 612*l^2 + 722*l + 213 </q>
		<t> -34*l - 20 </t>
	</pair>
	<pair u = "8" v = "1">
		<q> 612*l^2 + 790*l + 255 </q>
		<t> 34*l + 22 </t>
	</pair>
	<pair u = "8" v = "1">
		<q> 612*l^2 + 1046*l + 447 </q>
		<t> -34*l - 29 </t>
	</pair>
	<pair u = "8" v = "1">
		<q> 612*l^2 + 1114*l + 507 </q>
		<t> 34*l + 31 </t>
	</pair>
</hfamily>
<hfamily h = "10">
	<pair u = "1" v = "2">
		<q> 40*l^2 + 38*l + 19 </q>
		<t> -2*l </t>
	</pair>
	<pair u = "1" v = "2">
		<q> 40*l^2 + 42*l + 21 </q>
		<t> 2*l + 2 </t>
	</pair>
	<pair u = "3" v = "1">
		<q> 520*l^2 + 174*l + 15 </q>
		<t> -26*l - 4 </t>
	</pair>
	<pair u = "3" v = "1">
		<q> 520*l^2 + 226*l + 25 </q>
		<t> 26*l + 6 </t>
	</pair>
	<pair u = "3" v = "1">
		<q> 520*l^2 + 814*l + 319 </q>
		<t> -26*l - 20 </t>
	</pair>
	<pair u = "3" v = "1">
		<q> 520*l^2 + 866*l + 361 </q>
		<t> 26*l + 22 </t>
	</pair>
	<pair u = "7" v = "-1">
		<q> 1480*l^2 + 1166*l + 229 </q>
		<t> -74*l - 30 </t>
	</pair>
	<pair u = "7" v = "-1">
		<q> 1480*l^2 + 1314*l + 291 </q>
		<t> 74*l + 32 </t>
	</pair>
	<pair u = "7" v = "-1">
		<q> 1480*l^2 + 1646*l + 457 </q>
		<t> -74*l - 42 </t>
	</pair>
	<pair u = "7" v = "-1">
		<q> 1480*l^2 + 1794*l + 543 </q>
		<t> 74*l + 44 </t>
	</pair>
	<pair u = "7" v = "1">
		<q> 680*l^2 + 486*l + 87 </q>
		<t> -34*l - 12 </t>
	</pair>
	<pair u = "7" v = "1">
		<q> 680*l^2 + 554*l + 113 </q>
		<t> 34*l + 14 </t>
	</pair>
	<pair u = "7" v = "1">
		<q> 680*l^2 + 806*l + 239 </q>
		<t> -34*l - 20 </t>
	</pair>
	<pair u = "7" v = "1">
		<q> 680*l^2 + 874*l + 281 </q>
		<t> 34*l + 22 </t>
	</pair>
</hfamily>
<hfamily h = "11">
	<pair u = "1" v = "2">
		<q> 44*l^2 + 2*l + 11 </q>
		<t> 2*l + 1 </t>
	</pair>
	<pair u = "1" v = "2">
		<q> 44*l^2 + 42*l + 21 </q>
		<t> -2*l </t>
	</pair>
	<pair u = "1" v = "2">
		<q> 44*l^2 + 46*l + 23 </q>
		<t> 2*l + 2 </t>
	</pair>
	<pair u = "1" v = "2">
		<q> 44*l^2 + 86*l + 53 </q>
		<t> -2*l - 1 </t>
	</pair>
	<pair u = "2" v = "1">
		<q> 572*l^2 + 194*l + 17 </q>
		<t> -26*l - 4 </t>
	</pair>
	<pair u = "2" v = "1">
		<q> 572*l^2 + 246*l + 27 </q>
		<t> 26*l + 6 </t>
	</pair>
	<pair u = "2" v = "1">
		<q> 572*l^2 + 326*l + 47 </q>
		<t> -26*l - 7 </t>
	</pair>
	<pair u = "2" v = "1">
		<q> 572*l^2 + 378*l + 63 </q>
		<t> 26*l + 9 </t>
	</pair>
	<pair u = "2" v = "1">
		<q> 572*l^2 + 766*l + 257 </q>
		<t> -26*l - 17 </t>
	</pair>
	<pair u = "2" v = "1">
		<q> 572*l^2 + 818*l + 293 </q>
		<t> 26*l + 19 </t>
	</pair>
	<pair u = "2" v = "1">
		<q> 572*l^2 + 898*l + 353 </q>
		<t> -26*l - 20 </t>
	</pair>
	<pair u = "2" v = "1">
		<q> 572*l^2 + 950*l + 395 </q>
		<t> 26*l + 22 </t>
	</pair>
	<pair u = "3" v = "0">
		<q> 1100*l^2 + 258*l + 15 </q>
		<t> -50*l - 6 </t>
	</pair>
	<pair u = "3" v = "0">
		<q> 1100*l^2 + 358*l + 29 </q>
		<t> 50*l + 8 </t>
	</pair>
	<pair u = "3" v = "0">
		<q> 1100*l^2 + 742*l + 125 </q>
		<t> -50*l - 17 </t>
	</pair>
	<pair u = "3" v = "0">
		<q> 1100*l^2 + 842*l + 161 </q>
		<t> 50*l + 19 </t>
	</pair>
	<pair u = "3" v = "0">
		<q> 1100*l^2 + 1358*l + 419 </q>
		<t> -50*l - 31 </t>
	</pair>
	<pair u = "3" v = "0">
		<q> 1100*l^2 + 1458*l + 483 </q>
		<t> 50*l + 33 </t>
	</pair>
	<pair u = "3" v = "0">
		<q> 1100*l^2 + 1842*l + 771 </q>
		<t> -50*l - 42 </t>
	</pair>
	<pair u = "3" v = "0">
		<q> 1100*l^2 + 1942*l + 857 </q>
		<t> 50*l + 44 </t>
	</pair>
	<pair u = "4" v = "-1">
		<q> 1628*l^2 + 190*l + 5 </q>
		<t> -74*l - 5 </t>
	</pair>
	<pair u = "4" v = "-1">
		<q> 1628*l^2 + 338*l + 17 </q>
		<t> 74*l + 7 </t>
	</pair>
	<pair u = "4" v = "-1">
		<q> 1628*l^2 + 1290*l + 255 </q>
		<t> -74*l - 30 </t>
	</pair>
	<pair u = "4" v = "-1">
		<q> 1628*l^2 + 1438*l + 317 </q>
		<t> 74*l + 32 </t>
	</pair>
	<pair u = "4" v = "-1">
		<q> 1628*l^2 + 1818*l + 507 </q>
		<t> -74*l - 42 </t>
	</pair>
	<pair u = "4" v = "-1">
		<q> 1628*l^2 + 1966*l + 593 </q>
		<t> 74*l + 44 </t>
	</pair>
	<pair u = "4" v = "-1">
		<q> 1628*l^2 + 2918*l + 1307 </q>
		<t> -74*l - 67 </t>
	</pair>
	<pair u = "4" v = "-1">
		<q> 1628*l^2 + 3066*l + 1443 </q>
		<t> 74*l + 69 </t>
	</pair>
	<pair u = "5" v = "2">
		<q> 220*l^2 + 78*l + 9 </q>
		<t> -10*l - 1 </t>
	</pair>
	<pair u = "5" v = "2">
		<q> 220*l^2 + 98*l + 13 </q>
		<t> 10*l + 3 </t>
	</pair>
	<pair u = "5" v = "2">
		<q> 220*l^2 + 122*l + 19 </q>
		<t> -10*l - 2 </t>
	</pair>
	<pair u = "5" v = "2">
		<q> 220*l^2 + 142*l + 25 </q>
		<t> 10*l + 4 </t>
	</pair>
	<pair u = "5" v = "2">
		<q> 220*l^2 + 298*l + 103 </q>
		<t> -10*l - 6 </t>
	</pair>
	<pair u = "5" v = "2">
		<q> 220*l^2 + 318*l + 117 </q>
		<t> 10*l + 8 </t>
	</pair>
	<pair u = "5" v = "2">
		<q> 220*l^2 + 342*l + 135 </q>
		<t> -10*l - 7 </t>
	</pair>
	<pair u = "5" v = "2">
		<q> 220*l^2 + 362*l + 151 </q>
		<t> 10*l + 9 </t>
	</pair>
	<pair u = "6" v = "1">
		<q> 748*l^2 + 142*l + 7 </q>
		<t> -34*l - 3 </t>
	</pair>
	<pair u = "6" v = "1">
		<q> 748*l^2 + 210*l + 15 </q>
		<t> 34*l + 5 </t>
	</pair>
	<pair u = "6" v = "1">
		<q> 748*l^2 + 538*l + 97 </q>
		<t> -34*l - 12 </t>
	</pair>
	<pair u = "6" v = "1">
		<q> 748*l^2 + 606*l + 123 </q>
		<t> 34*l + 14 </t>
	</pair>
	<pair u = "6" v = "1">
		<q> 748*l^2 + 890*l + 265 </q>
		<t> -34*l - 20 </t>
	</pair>
	<pair u = "6" v = "1">
		<q> 748*l^2 + 958*l + 307 </q>
		<t> 34*l + 22 </t>
	</pair>
	<pair u = "6" v = "1">
		<q> 748*l^2 + 1286*l + 553 </q>
		<t> -34*l - 29 </t>
	</pair>
	<pair u = "6" v = "1">
		<q> 748*l^2 + 1354*l + 613 </q>
		<t> 34*l + 31 </t>
	</pair>
	<pair u = "7" v = "0">
		<q> 1276*l^2 + 470*l + 43 </q>
		<t> -58*l - 11 </t>
	</pair>
	<pair u = "7" v = "0">
		<q> 1276*l^2 + 586*l + 67 </q>
		<t> 58*l + 13 </t>
	</pair>
	<pair u = "7" v = "0">
		<q> 1276*l^2 + 690*l + 93 </q>
		<t> -58*l - 16 </t>
	</pair>
	<pair u = "7" v = "0">
		<q> 1276*l^2 + 806*l + 127 </q>
		<t> 58*l + 18 </t>
	</pair>
	<pair u = "7" v = "0">
		<q> 1276*l^2 + 1746*l + 597 </q>
		<t> -58*l - 40 </t>
	</pair>
	<pair u = "7" v = "0">
		<q> 1276*l^2 + 1862*l + 679 </q>
		<t> 58*l + 42 </t>
	</pair>
	<pair u = "7" v = "0">
		<q> 1276*l^2 + 1966*l + 757 </q>
		<t> -58*l - 45 </t>
	</pair>
	<pair u = "7" v = "0">
		<q> 1276*l^2 + 2082*l + 849 </q>
		<t> 58*l + 47 </t>
	</pair>
	<pair u = "8" v = "-1">
		<q> 1804*l^2 + 314*l + 13 </q>
		<t> -82*l - 8 </t>
	</pair>
	<pair u = "8" v = "-1">
		<q> 1804*l^2 + 478*l + 31 </q>
		<t> 82*l + 10 </t>
	</pair>
	<pair u = "8" v = "-1">
		<q> 1804*l^2 + 1326*l + 243 </q>
		<t> -82*l - 31 </t>
	</pair>
	<pair u = "8" v = "-1">
		<q> 1804*l^2 + 1490*l + 307 </q>
		<t> 82*l + 33 </t>
	</pair>
	<pair u = "8" v = "-1">
		<q> 1804*l^2 + 2118*l + 621 </q>
		<t> -82*l - 49 </t>
	</pair>
	<pair u = "8" v = "-1">
		<q> 1804*l^2 + 2282*l + 721 </q>
		<t> 82*l + 51 </t>
	</pair>
	<pair u = "8" v = "-1">
		<q> 1804*l^2 + 3130*l + 1357 </q>
		<t> -82*l - 72 </t>
	</pair>
	<pair u = "8" v = "-1">
		<q> 1804*l^2 + 3294*l + 1503 </q>
		<t> 82*l + 74 </t>
	</pair>
</hfamily>
<hfamily h = "12">
	<pair u = "1" v = "-1">
		<q> 1776*l^2 + 1414*l + 281 </q>
		<t> -74*l - 30 </t>
	</pair>
	<pair u = "1" v = "-1">
		<q> 1776*l^2 + 1562*l + 343 </q>
		<t> 74*l + 32 </t>
	</pair>
	<pair u = "1" v = "-1">
		<q> 1776*l^2 + 1990*l + 557 </q>
		<t> -74*l - 42 </t>
	</pair>
	<pair u = "1" v = "-1">
		<q> 1776*l^2 + 2138*l + 643 </q>
		<t> 74*l + 44 </t>
	</pair>
	<pair u = "1" v = "1">
		<q> 624*l^2 + 214*l + 19 </q>
		<t> -26*l - 4 </t>
	</pair>
	<pair u = "1" v = "1">
		<q> 624*l^2 + 266*l + 29 </q>
		<t> 26*l + 6 </t>
	</pair>
	<pair u = "1" v = "1">
		<q> 624*l^2 + 982*l + 387 </q>
		<t> -26*l - 20 </t>
	</pair>
	<pair u = "1" v = "1">
		<q> 624*l^2 + 1034*l + 429 </q>
		<t> 26*l + 22 </t>
	</pair>
	<pair u = "1" v = "2">
		<q> 48*l^2 + 46*l + 23 </q>
		<t> -2*l </t>
	</pair>
	<pair u = "1" v = "2">
		<q> 48*l^2 + 50*l + 25 </q>
		<t> 2*l + 2 </t>
	</pair>
	<pair u = "5" v = "-1">
		<q> 1968*l^2 + 350*l + 15 </q>
		<t> -82*l - 8 </t>
	</pair>
	<pair u = "5" v = "-1">
		<q> 1968*l^2 + 514*l + 33 </q>
		<t> 82*l + 10 </t>
	</pair>
	<pair u = "5" v = "-1">
		<q> 1968*l^2 + 3422*l + 1487 </q>
		<t> -82*l - 72 </t>
	</pair>
	<pair u = "5" v = "-1">
		<q> 1968*l^2 + 3586*l + 1633 </q>
		<t> 82*l + 74 </t>
	</pair>
	<pair u = "5" v = "0">
		<q> 1392*l^2 + 758*l + 103 </q>
		<t> -58*l - 16 </t>
	</pair>
	<pair u = "5" v = "0">
		<q> 1392*l^2 + 874*l + 137 </q>
		<t> 58*l + 18 </t>
	</pair>
	<pair u = "5" v = "0">
		<q> 1392*l^2 + 1910*l + 655 </q>
		<t> -58*l - 40 </t>
	</pair>
	<pair u = "5" v = "0">
		<q> 1392*l^2 + 2026*l + 737 </q>
		<t> 58*l + 42 </t>
	</pair>
	<pair u = "5" v = "1">
		<q> 816*l^2 + 590*l + 107 </q>
		<t> -34*l - 12 </t>
	</pair>
	<pair u = "5" v = "1">
		<q> 816*l^2 + 658*l + 133 </q>
		<t> 34*l + 14 </t>
	</pair>
	<pair u = "5" v = "1">
		<q> 816*l^2 + 974*l + 291 </q>
		<t> -34*l - 20 </t>
	</pair>
	<pair u = "5" v = "1">
		<q> 816*l^2 + 1042*l + 333 </q>
		<t> 34*l + 22 </t>
	</pair>
	<pair u = "5" v = "2">
		<q> 240*l^2 + 134*l + 21 </q>
		<t> -10*l - 2 </t>
	</pair>
	<pair u = "5" v = "2">
		<q> 240*l^2 + 154*l + 27 </q>
		<t> 10*l + 4 </t>
	</pair>
	<pair u = "5" v = "2">
		<q> 240*l^2 + 326*l + 113 </q>
		<t> -10*l - 6 </t>
	</pair>
	<pair u = "5" v = "2">
		<q> 240*l^2 + 346*l + 127 </q>
		<t> 10*l + 8 </t>
	</pair>
</hfamily>
<hfamily h = "13">
	<pair u = "1" v = "2">
		<q> 52*l^2 + 2*l + 13 </q>
		<t> 2*l + 1 </t>
	</pair>
	<pair u = "1" v = "2">
		<q> 52*l^2 + 50*l + 25 </q>
		<t> -2*l </t>
	</pair>
	<pair u = "1" v = "2">
		<q> 52*l^2 + 54*l + 27 </q>
		<t> 2*l + 2 </t>
	</pair>
	<pair u = "1" v = "2">
		<q> 52*l^2 + 102*l + 63 </q>
		<t> -2*l - 1 </t>
	</pair>
	<pair u = "2" v = "-1">
		<q> 2132*l^2 + 386*l + 17 </q>
		<t> -82*l - 8 </t>
	</pair>
	<pair u = "2" v = "-1">
		<q> 2132*l^2 + 550*l + 35 </q>
		<t> 82*l + 10 </t>
	</pair>
	<pair u = "2" v = "-1">
		<q> 2132*l^2 + 1582*l + 293 </q>
		<t> -82*l - 31 </t>
	</pair>
	<pair u = "2" v = "-1">
		<q> 2132*l^2 + 1746*l + 357 </q>
		<t> 82*l + 33 </t>
	</pair>
	<pair u = "2" v = "-1">
		<q> 2132*l^2 + 2518*l + 743 </q>
		<t> -82*l - 49 </t>
	</pair>
	<pair u = "2" v = "-1">
		<q> 2132*l^2 + 2682*l + 843 </q>
		<t> 82*l + 51 </t>
	</pair>
	<pair u = "2" v = "-1">
		<q> 2132*l^2 + 3714*l + 1617 </q>
		<t> -82*l - 72 </t>
	</pair>
	<pair u = "2" v = "-1">
		<q> 2132*l^2 + 3878*l + 1763 </q>
		<t> 82*l + 74 </t>
	</pair>
	<pair u = "3" v = "0">
		<q> 1508*l^2 + 566*l + 53 </q>
		<t> -58*l - 11 </t>
	</pair>
	<pair u = "3" v = "0">
		<q> 1508*l^2 + 682*l + 77 </q>
		<t> 58*l + 13 </t>
	</pair>
	<pair u = "3" v = "0">
		<q> 1508*l^2 + 826*l + 113 </q>
		<t> -58*l - 16 </t>
	</pair>
	<pair u = "3" v = "0">
		<q> 1508*l^2 + 942*l + 147 </q>
		<t> 58*l + 18 </t>
	</pair>
	<pair u = "3" v = "0">
		<q> 1508*l^2 + 2074*l + 713 </q>
		<t> -58*l - 40 </t>
	</pair>
	<pair u = "3" v = "0">
		<q> 1508*l^2 + 2190*l + 795 </q>
		<t> 58*l + 42 </t>
	</pair>
	<pair u = "3" v = "0">
		<q> 1508*l^2 + 2334*l + 903 </q>
		<t> -58*l - 45 </t>
	</pair>
	<pair u = "3" v = "0">
		<q> 1508*l^2 + 2450*l + 995 </q>
		<t> 58*l + 47 </t>
	</pair>
	<pair u = "4" v = "1">
		<q> 884*l^2 + 174*l + 9 </q>
		<t> -34*l - 3 </t>
	</pair>
	<pair u = "4" v = "1">
		<q> 884*l^2 + 242*l + 17 </q>
		<t> 34*l + 5 </t>
	</pair>
	<pair u = "4" v = "1">
		<q> 884*l^2 + 642*l + 117 </q>
		<t> -34*l - 12 </t>
	</pair>
	<pair u = "4" v = "1">
		<q> 884*l^2 + 710*l + 143 </q>
		<t> 34*l + 14 </t>
	</pair>
	<pair u = "4" v = "1">
		<q> 884*l^2 + 1058*l + 317 </q>
		<t> -34*l - 20 </t>
	</pair>
	<pair u = "4" v = "1">
		<q> 884*l^2 + 1126*l + 359 </q>
		<t> 34*l + 22 </t>
	</pair>
	<pair u = "4" v = "1">
		<q> 884*l^2 + 1526*l + 659 </q>
		<t> -34*l - 29 </t>
	</pair>
	<pair u = "4" v = "1">
		<q> 884*l^2 + 1594*l + 719 </q>
		<t> 34*l + 31 </t>
	</pair>
	<pair u = "5" v = "2">
		<q> 260*l^2 + 94*l + 11 </q>
		<t> -10*l - 1 </t>
	</pair>
	<pair u = "5" v = "2">
		<q> 260*l^2 + 114*l + 15 </q>
		<t> 10*l + 3 </t>
	</pair>
	<pair u = "5" v = "2">
		<q> 260*l^2 + 146*l + 23 </q>
		<t> -10*l - 2 </t>
	</pair>
	<pair u = "5" v = "2">
		<q> 260*l^2 + 166*l + 29 </q>
		<t> 10*l + 4 </t>
	</pair>
	<pair u = "5" v = "2">
		<q> 260*l^2 + 354*l + 123 </q>
		<t> -10*l - 6 </t>
	</pair>
	<pair u = "5" v = "2">
		<q> 260*l^2 + 374*l + 137 </q>
		<t> 10*l + 8 </t>
	</pair>
	<pair u = "5" v = "2">
		<q> 260*l^2 + 406*l + 161 </q>
		<t> -10*l - 7 </t>
	</pair>
	<pair u = "5" v = "2">
		<q> 260*l^2 + 426*l + 177 </q>
		<t> 10*l + 9 </t>
	</pair>
	<pair u = "11" v = "0">
		<q> 1924*l^2 + 238*l + 7 </q>
		<t> -74*l - 5 </t>
	</pair>
	<pair u = "11" v = "0">
		<q> 1924*l^2 + 386*l + 19 </q>
		<t> 74*l + 7 </t>
	</pair>
	<pair u = "11" v = "0">
		<q> 1924*l^2 + 1538*l + 307 </q>
		<t> -74*l - 30 </t>
	</pair>
	<pair u = "11" v = "0">
		<q> 1924*l^2 + 1686*l + 369 </q>
		<t> 74*l + 32 </t>
	</pair>
	<pair u = "11" v = "0">
		<q> 1924*l^2 + 2162*l + 607 </q>
		<t> -74*l - 42 </t>
	</pair>
	<pair u = "11" v = "0">
		<q> 1924*l^2 + 2310*l + 693 </q>
		<t> 74*l + 44 </t>
	</pair>
	<pair u = "11" v = "0">
		<q> 1924*l^2 + 3462*l + 1557 </q>
		<t> -74*l - 67 </t>
	</pair>
	<pair u = "11" v = "0">
		<q> 1924*l^2 + 3610*l + 1693 </q>
		<t> 74*l + 69 </t>
	</pair>
	<pair u = "12" v = "1">
		<q> 1300*l^2 + 314*l + 19 </q>
		<t> -50*l - 6 </t>
	</pair>
	<pair u = "12" v = "1">
		<q> 1300*l^2 + 414*l + 33 </q>
		<t> 50*l + 8 </t>
	</pair>
	<pair u = "12" v = "1">
		<q> 1300*l^2 + 886*l + 151 </q>
		<t> -50*l - 17 </t>
	</pair>
	<pair u = "12" v = "1">
		<q> 1300*l^2 + 986*l + 187 </q>
		<t> 50*l + 19 </t>
	</pair>
	<pair u = "12" v = "1">
		<q> 1300*l^2 + 1614*l + 501 </q>
		<t> -50*l - 31 </t>
	</pair>
	<pair u = "12" v = "1">
		<q> 1300*l^2 + 1714*l + 565 </q>
		<t> 50*l + 33 </t>
	</pair>
	<pair u = "12" v = "1">
		<q> 1300*l^2 + 2186*l + 919 </q>
		<t> -50*l - 42 </t>
	</pair>
	<pair u = "12" v = "1">
		<q> 1300*l^2 + 2286*l + 1005 </q>
		<t> 50*l + 44 </t>
	</pair>
</hfamily>
<hfamily h = "14">
	<pair u = "1" v = "0">
		<q> 1624*l^2 + 894*l + 123 </q>
		<t> -58*l - 16 </t>
	</pair>
	<pair u = "1" v = "0">
		<q> 1624*l^2 + 1010*l + 157 </q>
		<t> 58*l + 18 </t>
	</pair>
	<pair u = "1" v = "0">
		<q> 1624*l^2 + 2238*l + 771 </q>
		<t> -58*l - 40 </t>
	</pair>
	<pair u = "1" v = "0">
		<q> 1624*l^2 + 2354*l + 853 </q>
		<t> 58*l + 42 </t>
	</pair>
	<pair u = "1" v = "2">
		<q> 56*l^2 + 54*l + 27 </q>
		<t> -2*l </t>
	</pair>
	<pair u = "1" v = "2">
		<q> 56*l^2 + 58*l + 29 </q>
		<t> 2*l + 2 </t>
	</pair>
	<pair u = "3" v = "1">
		<q> 952*l^2 + 694*l + 127 </q>
		<t> -34*l - 12 </t>
	</pair>
	<pair u = "3" v = "1">
		<q> 952*l^2 + 762*l + 153 </q>
		<t> 34*l + 14 </t>
	</pair>
	<pair u = "3" v = "1">
		<q> 952*l^2 + 1142*l + 343 </q>
		<t> -34*l - 20 </t>
	</pair>
	<pair u = "3" v = "1">
		<q> 952*l^2 + 1210*l + 385 </q>
		<t> 34*l + 22 </t>
	</pair>
	<pair u = "5" v = "2">
		<q> 280*l^2 + 158*l + 25 </q>
		<t> -10*l - 2 </t>
	</pair>
	<pair u = "5" v = "2">
		<q> 280*l^2 + 178*l + 31 </q>
		<t> 10*l + 4 </t>
	</pair>
	<pair u = "5" v = "2">
		<q> 280*l^2 + 382*l + 133 </q>
		<t> -10*l - 6 </t>
	</pair>
	<pair u = "5" v = "2">
		<q> 280*l^2 + 402*l + 147 </q>
		<t> 10*l + 8 </t>
	</pair>
	<pair u = "9" v = "0">
		<q> 2072*l^2 + 1662*l + 333 </q>
		<t> -74*l - 30 </t>
	</pair>
	<pair u = "9" v = "0">
		<q> 2072*l^2 + 1810*l + 395 </q>
		<t> 74*l + 32 </t>
	</pair>
	<pair u = "9" v = "0">
		<q> 2072*l^2 + 2334*l + 657 </q>
		<t> -74*l - 42 </t>
	</pair>
	<pair u = "9" v = "0">
		<q> 2072*l^2 + 2482*l + 743 </q>
		<t> 74*l + 44 </t>
	</pair>
	<pair u = "11" v = "1">
		<q> 1400*l^2 + 342*l + 21 </q>
		<t> -50*l - 6 </t>
	</pair>
	<pair u = "11" v = "1">
		<q> 1400*l^2 + 442*l + 35 </q>
		<t> 50*l + 8 </t>
	</pair>
	<pair u = "11" v = "1">
		<q> 1400*l^2 + 2358*l + 993 </q>
		<t> -50*l - 42 </t>
	</pair>
	<pair u = "11" v = "1">
		<q> 1400*l^2 + 2458*l + 1079 </q>
		<t> 50*l + 44 </t>
	</pair>
	<pair u = "13" v = "0">
		<q> 2296*l^2 + 422*l + 19 </q>
		<t> -82*l - 8 </t>
	</pair>
	<pair u = "13" v = "0">
		<q> 2296*l^2 + 586*l + 37 </q>
		<t> 82*l + 10 </t>
	</pair>
	<pair u = "13" v = "0">
		<q> 2296*l^2 + 4006*l + 1747 </q>
		<t> -82*l - 72 </t>
	</pair>
	<pair u = "13" v = "0">
		<q> 2296*l^2 + 4170*l + 1893 </q>
		<t> 82*l + 74 </t>
	</pair>
	<pair u = "13" v = "2">
		<q> 728*l^2 + 254*l + 23 </q>
		<t> -26*l - 4 </t>
	</pair>
	<pair u = "13" v = "2">
		<q> 728*l^2 + 306*l + 33 </q>
		<t> 26*l + 6 </t>
	</pair>
	<pair u = "13" v = "2">
		<q> 728*l^2 + 1150*l + 455 </q>
		<t> -26*l - 20 </t>
	</pair>
	<pair u = "13" v = "2">
		<q> 728*l^2 + 1202*l + 497 </q>
		<t> 26*l + 22 </t>
	</pair>
</hfamily>
<hfamily h = "15">
	<pair u = "1" v = "2">
		<q> 60*l^2 + 2*l + 15 </q>
		<t> 2*l + 1 </t>
	</pair>
	<pair u = "1" v = "2">
		<q> 60*l^2 + 58*l + 29 </q>
		<t> -2*l </t>
	</pair>
	<pair u = "1" v = "2">
		<q> 60*l^2 + 62*l + 31 </q>
		<t> 2*l + 2 </t>
	</pair>
	<pair u = "1" v = "2">
		<q> 60*l^2 + 118*l + 73 </q>
		<t> -2*l - 1 </t>
	</pair>
	<pair u = "2" v = "1">
		<q> 1020*l^2 + 206*l + 11 </q>
		<t> -34*l - 3 </t>
	</pair>
	<pair u = "2" v = "1">
		<q> 1020*l^2 + 274*l + 19 </q>
		<t> 34*l + 5 </t>
	</pair>
	<pair u = "2" v = "1">
		<q> 1020*l^2 + 746*l + 137 </q>
		<t> -34*l - 12 </t>
	</pair>
	<pair u = "2" v = "1">
		<q> 1020*l^2 + 814*l + 163 </q>
		<t> 34*l + 14 </t>
	</pair>
	<pair u = "2" v = "1">
		<q> 1020*l^2 + 1226*l + 369 </q>
		<t> -34*l - 20 </t>
	</pair>
	<pair u = "2" v = "1">
		<q> 1020*l^2 + 1294*l + 411 </q>
		<t> 34*l + 22 </t>
	</pair>
	<pair u = "2" v = "1">
		<q> 1020*l^2 + 1766*l + 765 </q>
		<t> -34*l - 29 </t>
	</pair>
	<pair u = "2" v = "1">
		<q> 1020*l^2 + 1834*l + 825 </q>
		<t> 34*l + 31 </t>
	</pair>
	<pair u = "7" v = "0">
		<q> 2220*l^2 + 286*l + 9 </q>
		<t> -74*l - 5 </t>
	</pair>
	<pair u = "7" v = "0">
		<q> 2220*l^2 + 434*l + 21 </q>
		<t> 74*l + 7 </t>
	</pair>
	<pair u = "7" v = "0">
		<q> 2220*l^2 + 1786*l + 359 </q>
		<t> -74*l - 30 </t>
	</pair>
	<pair u = "7" v = "0">
		<q> 2220*l^2 + 1934*l + 421 </q>
		<t> 74*l + 32 </t>
	</pair>
	<pair u = "7" v = "0">
		<q> 2220*l^2 + 2506*l + 707 </q>
		<t> -74*l - 42 </t>
	</pair>
	<pair u = "7" v = "0">
		<q> 2220*l^2 + 2654*l + 793 </q>
		<t> 74*l + 44 </t>
	</pair>
	<pair u = "7" v = "0">
		<q> 2220*l^2 + 4006*l + 1807 </q>
		<t> -74*l - 67 </t>
	</pair>
	<pair u = "7" v = "0">
		<q> 2220*l^2 + 4154*l + 1943 </q>
		<t> 74*l + 69 </t>
	</pair>
	<pair u = "8" v = "-1">
		<q> 3180*l^2 + 1274*l + 127 </q>
		<t> -106*l - 22 </t>
	</pair>
	<pair u = "8" v = "-1">
		<q> 3180*l^2 + 1486*l + 173 </q>
		<t> 106*l + 24 </t>
	</pair>
	<pair u = "8" v = "-1">
		<q> 3180*l^2 + 1694*l + 225 </q>
		<t> -106*l - 29 </t>
	</pair>
	<pair u = "8" v = "-1">
		<q> 3180*l^2 + 1906*l + 285 </q>
		<t> 106*l + 31 </t>
	</pair>
	<pair u = "8" v = "-1">
		<q> 3180*l^2 + 4454*l + 1559 </q>
		<t> -106*l - 75 </t>
	</pair>
	<pair u = "8" v = "-1">
		<q> 3180*l^2 + 4666*l + 1711 </q>
		<t> 106*l + 77 </t>
	</pair>
	<pair u = "8" v = "-1">
		<q> 3180*l^2 + 4874*l + 1867 </q>
		<t> -106*l - 82 </t>
	</pair>
	<pair u = "8" v = "-1">
		<q> 3180*l^2 + 5086*l + 2033 </q>
		<t> 106*l + 84 </t>
	</pair>
	<pair u = "11" v = "0">
		<q> 2460*l^2 + 458*l + 21 </q>
		<t> -82*l - 8 </t>
	</pair>
	<pair u = "11" v = "0">
		<q> 2460*l^2 + 622*l + 39 </q>
		<t> 82*l + 10 </t>
	</pair>
	<pair u = "11" v = "0">
		<q> 2460*l^2 + 1838*l + 343 </q>
		<t> -82*l - 31 </t>
	</pair>
	<pair u = "11" v = "0">
		<q> 2460*l^2 + 2002*l + 407 </q>
		<t> 82*l + 33 </t>
	</pair>
	<pair u = "11" v = "0">
		<q> 2460*l^2 + 2918*l + 865 </q>
		<t> -82*l - 49 </t>
	</pair>
	<pair u = "11" v = "0">
		<q> 2460*l^2 + 3082*l + 965 </q>
		<t> 82*l + 51 </t>
	</pair>
	<pair u = "11" v = "0">
		<q> 2460*l^2 + 4298*l + 1877 </q>
		<t> -82*l - 72 </t>
	</pair>
	<pair u = "11" v = "0">
		<q> 2460*l^2 + 4462*l + 2023 </q>
		<t> 82*l + 74 </t>
	</pair>
	<pair u = "13" v = "2">
		<q> 780*l^2 + 274*l + 25 </q>
		<t> -26*l - 4 </t>
	</pair>
	<pair u = "13" v = "2">
		<q> 780*l^2 + 326*l + 35 </q>
		<t> 26*l + 6 </t>
	</pair>
	<pair u = "13" v = "2">
		<q> 780*l^2 + 454*l + 67 </q>
		<t> -26*l - 7 </t>
	</pair>
	<pair u = "13" v = "2">
		<q> 780*l^2 + 506*l + 83 </q>
		<t> 26*l + 9 </t>
	</pair>
	<pair u = "13" v = "2">
		<q> 780*l^2 + 1054*l + 357 </q>
		<t> -26*l - 17 </t>
	</pair>
	<pair u = "13" v = "2">
		<q> 780*l^2 + 1106*l + 393 </q>
		<t> 26*l + 19 </t>
	</pair>
	<pair u = "13" v = "2">
		<q> 780*l^2 + 1234*l + 489 </q>
		<t> -26*l - 20 </t>
	</pair>
	<pair u = "13" v = "2">
		<q> 780*l^2 + 1286*l + 531 </q>
		<t> 26*l + 22 </t>
	</pair>
	<pair u = "14" v = "1">
		<q> 1740*l^2 + 662*l + 63 </q>
		<t> -58*l - 11 </t>
	</pair>
	<pair u = "14" v = "1">
		<q> 1740*l^2 + 778*l + 87 </q>
		<t> 58*l + 13 </t>
	</pair>
	<pair u = "14" v = "1">
		<q> 1740*l^2 + 962*l + 133 </q>
		<t> -58*l - 16 </t>
	</pair>
	<pair u = "14" v = "1">
		<q> 1740*l^2 + 1078*l + 167 </q>
		<t> 58*l + 18 </t>
	</pair>
	<pair u = "14" v = "1">
		<q> 1740*l^2 + 2402*l + 829 </q>
		<t> -58*l - 40 </t>
	</pair>
	<pair u = "14" v = "1">
		<q> 1740*l^2 + 2518*l + 911 </q>
		<t> 58*l + 42 </t>
	</pair>
	<pair u = "14" v = "1">
		<q> 1740*l^2 + 2702*l + 1049 </q>
		<t> -58*l - 45 </t>
	</pair>
	<pair u = "14" v = "1">
		<q> 1740*l^2 + 2818*l + 1141 </q>
		<t> 58*l + 47 </t>
	</pair>
</hfamily>
<hfamily h = "16">
	<pair u = "1" v = "1">
		<q> 1088*l^2 + 798*l + 147 </q>
		<t> -34*l - 12 </t>
	</pair>
	<pair u = "1" v = "1">
		<q> 1088*l^2 + 866*l + 173 </q>
		<t> 34*l + 14 </t>
	</pair>
	<pair u = "1" v = "1">
		<q> 1088*l^2 + 1310*l + 395 </q>
		<t> -34*l - 20 </t>
	</pair>
	<pair u = "1" v = "1">
		<q> 1088*l^2 + 1378*l + 437 </q>
		<t> 34*l + 22 </t>
	</pair>
	<pair u = "1" v = "2">
		<q> 64*l^2 + 62*l + 31 </q>
		<t> -2*l </t>
	</pair>
	<pair u = "1" v = "2">
		<q> 64*l^2 + 66*l + 33 </q>
		<t> 2*l + 2 </t>
	</pair>
	<pair u = "5" v = "-1">
		<q> 3392*l^2 + 1366*l + 137 </q>
		<t> -106*l - 22 </t>
	</pair>
	<pair u = "5" v = "-1">
		<q> 3392*l^2 + 1578*l + 183 </q>
		<t> 106*l + 24 </t>
	</pair>
	<pair u = "5" v = "-1">
		<q> 3392*l^2 + 5206*l + 1997 </q>
		<t> -106*l - 82 </t>
	</pair>
	<pair u = "5" v = "-1">
		<q> 3392*l^2 + 5418*l + 2163 </q>
		<t> 106*l + 84 </t>
	</pair>
	<pair u = "5" v = "0">
		<q> 2368*l^2 + 1910*l + 385 </q>
		<t> -74*l - 30 </t>
	</pair>
	<pair u = "5" v = "0">
		<q> 2368*l^2 + 2058*l + 447 </q>
		<t> 74*l + 32 </t>
	</pair>
	<pair u = "5" v = "0">
		<q> 2368*l^2 + 2678*l + 757 </q>
		<t> -74*l - 42 </t>
	</pair>
	<pair u = "5" v = "0">
		<q> 2368*l^2 + 2826*l + 843 </q>
		<t> 74*l + 44 </t>
	</pair>
	<pair u = "5" v = "2">
		<q> 320*l^2 + 182*l + 29 </q>
		<t> -10*l - 2 </t>
	</pair>
	<pair u = "5" v = "2">
		<q> 320*l^2 + 202*l + 35 </q>
		<t> 10*l + 4 </t>
	</pair>
	<pair u = "5" v = "2">
		<q> 320*l^2 + 438*l + 153 </q>
		<t> -10*l - 6 </t>
	</pair>
	<pair u = "5" v = "2">
		<q> 320*l^2 + 458*l + 167 </q>
		<t> 10*l + 8 </t>
	</pair>
	<pair u = "9" v = "0">
		<q> 2624*l^2 + 494*l + 23 </q>
		<t> -82*l - 8 </t>
	</pair>
	<pair u = "9" v = "0">
		<q> 2624*l^2 + 658*l + 41 </q>
		<t> 82*l + 10 </t>
	</pair>
	<pair u = "9" v = "0">
		<q> 2624*l^2 + 4590*l + 2007 </q>
		<t> -82*l - 72 </t>
	</pair>
	<pair u = "9" v = "0">
		<q> 2624*l^2 + 4754*l + 2153 </q>
		<t> 82*l + 74 </t>
	</pair>
	<pair u = "9" v = "1">
		<q> 1600*l^2 + 398*l + 25 </q>
		<t> -50*l - 6 </t>
	</pair>
	<pair u = "9" v = "1">
		<q> 1600*l^2 + 498*l + 39 </q>
		<t> 50*l + 8 </t>
	</pair>
	<pair u = "9" v = "1">
		<q> 1600*l^2 + 2702*l + 1141 </q>
		<t> -50*l - 42 </t>
	</pair>
	<pair u = "9" v = "1">
		<q> 1600*l^2 + 2802*l + 1227 </q>
		<t> 50*l + 44 </t>
	</pair>
	<pair u = "13" v = "-1">
		<q> 3904*l^2 + 582*l + 21 </q>
		<t> -122*l - 10 </t>
	</pair>
	<pair u = "13" v = "-1">
		<q> 3904*l^2 + 826*l + 43 </q>
		<t> 122*l + 12 </t>
	</pair>
	<pair u = "13" v = "-1">
		<q> 3904*l^2 + 6982*l + 3121 </q>
		<t> -122*l - 110 </t>
	</pair>
	<pair u = "13" v = "-1">
		<q> 3904*l^2 + 7226*l + 3343 </q>
		<t> 122*l + 112 </t>
	</pair>
	<pair u = "13" v = "1">
		<q> 1856*l^2 + 1030*l + 143 </q>
		<t> -58*l - 16 </t>
	</pair>
	<pair u = "13" v = "1">
		<q> 1856*l^2 + 1146*l + 177 </q>
		<t> 58*l + 18 </t>
	</pair>
	<pair u = "13" v = "1">
		<q> 1856*l^2 + 2566*l + 887 </q>
		<t> -58*l - 40 </t>
	</pair>
	<pair u = "13" v = "1">
		<q> 1856*l^2 + 2682*l + 969 </q>
		<t> 58*l + 42 </t>
	</pair>
	<pair u = "13" v = "2">
		<q> 832*l^2 + 294*l + 27 </q>
		<t> -26*l - 4 </t>
	</pair>
	<pair u = "13" v = "2">
		<q> 832*l^2 + 346*l + 37 </q>
		<t> 26*l + 6 </t>
	</pair>
	<pair u = "13" v = "2">
		<q> 832*l^2 + 1318*l + 523 </q>
		<t> -26*l - 20 </t>
	</pair>
	<pair u = "13" v = "2">
		<q> 832*l^2 + 1370*l + 565 </q>
		<t> 26*l + 22 </t>
	</pair>
</hfamily>
</formulae>
