<!DOCTYPE ecc SYSTEM "formulae.dtd" []>

<formulae>
<hfamily h = "2">
	<pair u = "1" v = "2">
		<q> 24*l^2 + 6*l + 1 </q>
		<t> -6*l </t>
	</pair>
	<pair u = "1" v = "2">
		<q> 24*l^2 + 42*l + 19 </q>
		<t> 6*l + 6 </t>
	</pair>
	<pair u = "1" v = "3">
		<q> 8*l^2 + 6*l + 3 </q>
		<t> 2*l + 2 </t>
	</pair>
	<pair u = "1" v = "3">
		<q> 8*l^2 + 10*l + 5 </q>
		<t> -2*l </t>
	</pair>
</hfamily>
<hfamily h = "3">
	<pair u = "1" v = "1">
		<q> 84*l^2 + 16*l + 1 </q>
		<t> -14*l - 1 </t>
	</pair>
	<pair u = "1" v = "1">
		<q> 84*l^2 + 40*l + 5 </q>
		<t> -14*l - 3 </t>
	</pair>
	<pair u = "1" v = "1">
		<q> 84*l^2 + 128*l + 49 </q>
		<t> 14*l + 11 </t>
	</pair>
	<pair u = "1" v = "1">
		<q> 84*l^2 + 152*l + 69 </q>
		<t> 14*l + 13 </t>
	</pair>
	<pair u = "1" v = "3">
		<q> 12*l^2 + 4*l + 3 </q>
		<t> -2*l + 1 </t>
	</pair>
	<pair u = "1" v = "3">
		<q> 12*l^2 + 20*l + 11 </q>
		<t> 2*l + 3 </t>
	</pair>
</hfamily>
<hfamily h = "4">
	<pair u = "1" v = "0">
		<q> 208*l^2 + 30*l + 1 </q>
		<t> -26*l - 2 </t>
	</pair>
	<pair u = "1" v = "0">
		<q> 208*l^2 + 126*l + 19 </q>
		<t> -26*l - 8 </t>
	</pair>
	<pair u = "1" v = "0">
		<q> 208*l^2 + 290*l + 101 </q>
		<t> 26*l + 18 </t>
	</pair>
	<pair u = "1" v = "0">
		<q> 208*l^2 + 386*l + 179 </q>
		<t> 26*l + 24 </t>
	</pair>
	<pair u = "1" v = "3">
		<q> 16*l^2 + 10*l + 5 </q>
		<t> 2*l + 2 </t>
	</pair>
	<pair u = "1" v = "3">
		<q> 16*l^2 + 22*l + 11 </q>
		<t> -2*l </t>
	</pair>
	<pair u = "3" v = "2">
		<q> 112*l^2 + 54*l + 7 </q>
		<t> 14*l + 4 </t>
	</pair>
	<pair u = "3" v = "2">
		<q> 112*l^2 + 86*l + 17 </q>
		<t> 14*l + 6 </t>
	</pair>
	<pair u = "3" v = "2">
		<q> 112*l^2 + 138*l + 43 </q>
		<t> -14*l - 8 </t>
	</pair>
	<pair u = "3" v = "2">
		<q> 112*l^2 + 170*l + 65 </q>
		<t> -14*l - 10 </t>
	</pair>
</hfamily>
<hfamily h = "5">
	<pair u = "1" v = "3">
		<q> 20*l^2 + 8*l + 5 </q>
		<t> -2*l + 1 </t>
	</pair>
	<pair u = "1" v = "3">
		<q> 20*l^2 + 32*l + 17 </q>
		<t> 2*l + 3 </t>
	</pair>
	<pair u = "2" v = "2">
		<q> 140*l^2 + 36*l + 3 </q>
		<t> -14*l - 1 </t>
	</pair>
	<pair u = "2" v = "2">
		<q> 140*l^2 + 76*l + 11 </q>
		<t> -14*l - 3 </t>
	</pair>
	<pair u = "2" v = "2">
		<q> 140*l^2 + 204*l + 75 </q>
		<t> 14*l + 11 </t>
	</pair>
	<pair u = "2" v = "2">
		<q> 140*l^2 + 244*l + 107 </q>
		<t> 14*l + 13 </t>
	</pair>
	<pair u = "3" v = "1">
		<q> 260*l^2 + 96*l + 9 </q>
		<t> 26*l + 5 </t>
	</pair>
	<pair u = "3" v = "1">
		<q> 260*l^2 + 216*l + 45 </q>
		<t> 26*l + 11 </t>
	</pair>
	<pair u = "3" v = "1">
		<q> 260*l^2 + 304*l + 89 </q>
		<t> -26*l - 15 </t>
	</pair>
	<pair u = "3" v = "1">
		<q> 260*l^2 + 424*l + 173 </q>
		<t> -26*l - 21 </t>
	</pair>
	<pair u = "3" v = "3">
		<q> 60*l^2 + 36*l + 7 </q>
		<t> 6*l + 3 </t>
	</pair>
	<pair u = "3" v = "3">
		<q> 60*l^2 + 84*l + 31 </q>
		<t> -6*l - 3 </t>
	</pair>
	<pair u = "4" v = "0">
		<q> 380*l^2 + 188*l + 23 </q>
		<t> 38*l + 9 </t>
	</pair>
	<pair u = "4" v = "0">
		<q> 380*l^2 + 268*l + 47 </q>
		<t> 38*l + 13 </t>
	</pair>
	<pair u = "4" v = "0">
		<q> 380*l^2 + 492*l + 159 </q>
		<t> -38*l - 25 </t>
	</pair>
	<pair u = "4" v = "0">
		<q> 380*l^2 + 572*l + 215 </q>
		<t> -38*l - 29 </t>
	</pair>
</hfamily>
<hfamily h = "6">
	<pair u = "1" v = "1">
		<q> 312*l^2 + 58*l + 3 </q>
		<t> -26*l - 2 </t>
	</pair>
	<pair u = "1" v = "1">
		<q> 312*l^2 + 202*l + 33 </q>
		<t> -26*l - 8 </t>
	</pair>
	<pair u = "1" v = "1">
		<q> 312*l^2 + 422*l + 143 </q>
		<t> 26*l + 18 </t>
	</pair>
	<pair u = "1" v = "1">
		<q> 312*l^2 + 566*l + 257 </q>
		<t> 26*l + 24 </t>
	</pair>
	<pair u = "1" v = "2">
		<q> 168*l^2 + 74*l + 9 </q>
		<t> 14*l + 4 </t>
	</pair>
	<pair u = "1" v = "2">
		<q> 168*l^2 + 122*l + 23 </q>
		<t> 14*l + 6 </t>
	</pair>
	<pair u = "1" v = "2">
		<q> 168*l^2 + 214*l + 69 </q>
		<t> -14*l - 8 </t>
	</pair>
	<pair u = "1" v = "2">
		<q> 168*l^2 + 262*l + 103 </q>
		<t> -14*l - 10 </t>
	</pair>
	<pair u = "1" v = "3">
		<q> 24*l^2 + 14*l + 7 </q>
		<t> 2*l + 2 </t>
	</pair>
	<pair u = "1" v = "3">
		<q> 24*l^2 + 34*l + 17 </q>
		<t> -2*l </t>
	</pair>
</hfamily>
<hfamily h = "7">
	<pair u = "1" v = "3">
		<q> 28*l^2 + 12*l + 7 </q>
		<t> -2*l + 1 </t>
	</pair>
	<pair u = "1" v = "3">
		<q> 28*l^2 + 44*l + 23 </q>
		<t> 2*l + 3 </t>
	</pair>
	<pair u = "5" v = "1">
		<q> 532*l^2 + 248*l + 29 </q>
		<t> 38*l + 9 </t>
	</pair>
	<pair u = "5" v = "1">
		<q> 532*l^2 + 360*l + 61 </q>
		<t> 38*l + 13 </t>
	</pair>
	<pair u = "5" v = "1">
		<q> 532*l^2 + 704*l + 233 </q>
		<t> -38*l - 25 </t>
	</pair>
	<pair u = "5" v = "1">
		<q> 532*l^2 + 816*l + 313 </q>
		<t> -38*l - 29 </t>
	</pair>
	<pair u = "6" v = "2">
		<q> 364*l^2 + 124*l + 11 </q>
		<t> 26*l + 5 </t>
	</pair>
	<pair u = "6" v = "2">
		<q> 364*l^2 + 292*l + 59 </q>
		<t> 26*l + 11 </t>
	</pair>
	<pair u = "6" v = "2">
		<q> 364*l^2 + 436*l + 131 </q>
		<t> -26*l - 15 </t>
	</pair>
	<pair u = "6" v = "2">
		<q> 364*l^2 + 604*l + 251 </q>
		<t> -26*l - 21 </t>
	</pair>
</hfamily>
<hfamily h = "8">
	<pair u = "1" v = "3">
		<q> 32*l^2 + 18*l + 9 </q>
		<t> 2*l + 2 </t>
	</pair>
	<pair u = "1" v = "3">
		<q> 32*l^2 + 46*l + 23 </q>
		<t> -2*l </t>
	</pair>
	<pair u = "3" v = "1">
		<q> 608*l^2 + 202*l + 17 </q>
		<t> -38*l - 6 </t>
	</pair>
	<pair u = "3" v = "1">
		<q> 608*l^2 + 330*l + 45 </q>
		<t> -38*l - 10 </t>
	</pair>
	<pair u = "3" v = "1">
		<q> 608*l^2 + 886*l + 323 </q>
		<t> 38*l + 28 </t>
	</pair>
	<pair u = "3" v = "1">
		<q> 608*l^2 + 1014*l + 423 </q>
		<t> 38*l + 32 </t>
	</pair>
	<pair u = "3" v = "3">
		<q> 96*l^2 + 42*l + 7 </q>
		<t> -6*l </t>
	</pair>
	<pair u = "3" v = "3">
		<q> 96*l^2 + 150*l + 61 </q>
		<t> 6*l + 6 </t>
	</pair>
	<pair u = "5" v = "1">
		<q> 672*l^2 + 186*l + 13 </q>
		<t> 42*l + 6 </t>
	</pair>
	<pair u = "5" v = "1">
		<q> 672*l^2 + 570*l + 121 </q>
		<t> 42*l + 18 </t>
	</pair>
	<pair u = "5" v = "1">
		<q> 672*l^2 + 774*l + 223 </q>
		<t> -42*l - 24 </t>
	</pair>
	<pair u = "5" v = "1">
		<q> 672*l^2 + 1158*l + 499 </q>
		<t> -42*l - 36 </t>
	</pair>
	<pair u = "5" v = "2">
		<q> 416*l^2 + 86*l + 5 </q>
		<t> -26*l - 2 </t>
	</pair>
	<pair u = "5" v = "2">
		<q> 416*l^2 + 278*l + 47 </q>
		<t> -26*l - 8 </t>
	</pair>
	<pair u = "5" v = "2">
		<q> 416*l^2 + 554*l + 185 </q>
		<t> 26*l + 18 </t>
	</pair>
	<pair u = "5" v = "2">
		<q> 416*l^2 + 746*l + 335 </q>
		<t> 26*l + 24 </t>
	</pair>
	<pair u = "7" v = "0">
		<q> 992*l^2 + 114*l + 3 </q>
		<t> -62*l - 4 </t>
	</pair>
	<pair u = "7" v = "0">
		<q> 992*l^2 + 754*l + 143 </q>
		<t> -62*l - 24 </t>
	</pair>
	<pair u = "7" v = "0">
		<q> 992*l^2 + 1230*l + 381 </q>
		<t> 62*l + 38 </t>
	</pair>
	<pair u = "7" v = "0">
		<q> 992*l^2 + 1870*l + 881 </q>
		<t> 62*l + 58 </t>
	</pair>
	<pair u = "7" v = "3">
		<q> 224*l^2 + 94*l + 11 </q>
		<t> 14*l + 4 </t>
	</pair>
	<pair u = "7" v = "3">
		<q> 224*l^2 + 158*l + 29 </q>
		<t> 14*l + 6 </t>
	</pair>
	<pair u = "7" v = "3">
		<q> 224*l^2 + 290*l + 95 </q>
		<t> -14*l - 8 </t>
	</pair>
	<pair u = "7" v = "3">
		<q> 224*l^2 + 354*l + 141 </q>
		<t> -14*l - 10 </t>
	</pair>
</hfamily>
<hfamily h = "9">
	<pair u = "1" v = "1">
		<q> 684*l^2 + 308*l + 35 </q>
		<t> 38*l + 9 </t>
	</pair>
	<pair u = "1" v = "1">
		<q> 684*l^2 + 452*l + 75 </q>
		<t> 38*l + 13 </t>
	</pair>
	<pair u = "1" v = "1">
		<q> 684*l^2 + 916*l + 307 </q>
		<t> -38*l - 25 </t>
	</pair>
	<pair u = "1" v = "1">
		<q> 684*l^2 + 1060*l + 411 </q>
		<t> -38*l - 29 </t>
	</pair>
	<pair u = "1" v = "3">
		<q> 36*l^2 + 16*l + 9 </q>
		<t> -2*l + 1 </t>
	</pair>
	<pair u = "1" v = "3">
		<q> 36*l^2 + 56*l + 29 </q>
		<t> 2*l + 3 </t>
	</pair>
	<pair u = "4" v = "0">
		<q> 1116*l^2 + 260*l + 15 </q>
		<t> 62*l + 7 </t>
	</pair>
	<pair u = "4" v = "0">
		<q> 1116*l^2 + 980*l + 215 </q>
		<t> 62*l + 27 </t>
	</pair>
	<pair u = "4" v = "0">
		<q> 1116*l^2 + 1252*l + 351 </q>
		<t> -62*l - 35 </t>
	</pair>
	<pair u = "4" v = "0">
		<q> 1116*l^2 + 1972*l + 871 </q>
		<t> -62*l - 55 </t>
	</pair>
	<pair u = "4" v = "2">
		<q> 468*l^2 + 152*l + 13 </q>
		<t> 26*l + 5 </t>
	</pair>
	<pair u = "4" v = "2">
		<q> 468*l^2 + 368*l + 73 </q>
		<t> 26*l + 11 </t>
	</pair>
	<pair u = "4" v = "2">
		<q> 468*l^2 + 568*l + 173 </q>
		<t> -26*l - 15 </t>
	</pair>
	<pair u = "4" v = "2">
		<q> 468*l^2 + 784*l + 329 </q>
		<t> -26*l - 21 </t>
	</pair>
	<pair u = "7" v = "3">
		<q> 252*l^2 + 76*l + 7 </q>
		<t> -14*l - 1 </t>
	</pair>
	<pair u = "7" v = "3">
		<q> 252*l^2 + 148*l + 23 </q>
		<t> -14*l - 3 </t>
	</pair>
	<pair u = "7" v = "3">
		<q> 252*l^2 + 356*l + 127 </q>
		<t> 14*l + 11 </t>
	</pair>
	<pair u = "7" v = "3">
		<q> 252*l^2 + 428*l + 183 </q>
		<t> 14*l + 13 </t>
	</pair>
</hfamily>
<hfamily h = "10">
	<pair u = "1" v = "0">
		<q> 1240*l^2 + 158*l + 5 </q>
		<t> -62*l - 4 </t>
	</pair>
	<pair u = "1" v = "0">
		<q> 1240*l^2 + 958*l + 185 </q>
		<t> -62*l - 24 </t>
	</pair>
	<pair u = "1" v = "0">
		<q> 1240*l^2 + 1522*l + 467 </q>
		<t> 62*l + 38 </t>
	</pair>
	<pair u = "1" v = "0">
		<q> 1240*l^2 + 2322*l + 1087 </q>
		<t> 62*l + 58 </t>
	</pair>
	<pair u = "1" v = "3">
		<q> 40*l^2 + 22*l + 11 </q>
		<t> 2*l + 2 </t>
	</pair>
	<pair u = "1" v = "3">
		<q> 40*l^2 + 58*l + 29 </q>
		<t> -2*l </t>
	</pair>
	<pair u = "3" v = "2">
		<q> 520*l^2 + 114*l + 7 </q>
		<t> -26*l - 2 </t>
	</pair>
	<pair u = "3" v = "2">
		<q> 520*l^2 + 354*l + 61 </q>
		<t> -26*l - 8 </t>
	</pair>
	<pair u = "3" v = "2">
		<q> 520*l^2 + 686*l + 227 </q>
		<t> 26*l + 18 </t>
	</pair>
	<pair u = "3" v = "2">
		<q> 520*l^2 + 926*l + 413 </q>
		<t> 26*l + 24 </t>
	</pair>
	<pair u = "7" v = "0">
		<q> 1480*l^2 + 494*l + 41 </q>
		<t> 74*l + 12 </t>
	</pair>
	<pair u = "7" v = "0">
		<q> 1480*l^2 + 1134*l + 217 </q>
		<t> 74*l + 28 </t>
	</pair>
	<pair u = "7" v = "0">
		<q> 1480*l^2 + 1826*l + 563 </q>
		<t> -74*l - 46 </t>
	</pair>
	<pair u = "7" v = "0">
		<q> 1480*l^2 + 2466*l + 1027 </q>
		<t> -74*l - 62 </t>
	</pair>
	<pair u = "7" v = "3">
		<q> 280*l^2 + 114*l + 13 </q>
		<t> 14*l + 4 </t>
	</pair>
	<pair u = "7" v = "3">
		<q> 280*l^2 + 194*l + 35 </q>
		<t> 14*l + 6 </t>
	</pair>
	<pair u = "7" v = "3">
		<q> 280*l^2 + 366*l + 121 </q>
		<t> -14*l - 8 </t>
	</pair>
	<pair u = "7" v = "3">
		<q> 280*l^2 + 446*l + 179 </q>
		<t> -14*l - 10 </t>
	</pair>
	<pair u = "9" v = "2">
		<q> 760*l^2 + 262*l + 23 </q>
		<t> -38*l - 6 </t>
	</pair>
	<pair u = "9" v = "2">
		<q> 760*l^2 + 422*l + 59 </q>
		<t> -38*l - 10 </t>
	</pair>
	<pair u = "9" v = "2">
		<q> 760*l^2 + 1098*l + 397 </q>
		<t> 38*l + 28 </t>
	</pair>
	<pair u = "9" v = "2">
		<q> 760*l^2 + 1258*l + 521 </q>
		<t> 38*l + 32 </t>
	</pair>
</hfamily>
<hfamily h = "11">
	<pair u = "1" v = "3">
		<q> 44*l^2 + 20*l + 11 </q>
		<t> -2*l + 1 </t>
	</pair>
	<pair u = "1" v = "3">
		<q> 44*l^2 + 68*l + 35 </q>
		<t> 2*l + 3 </t>
	</pair>
	<pair u = "2" v = "2">
		<q> 572*l^2 + 180*l + 15 </q>
		<t> 26*l + 5 </t>
	</pair>
	<pair u = "2" v = "2">
		<q> 572*l^2 + 444*l + 87 </q>
		<t> 26*l + 11 </t>
	</pair>
	<pair u = "2" v = "2">
		<q> 572*l^2 + 700*l + 215 </q>
		<t> -26*l - 15 </t>
	</pair>
	<pair u = "2" v = "2">
		<q> 572*l^2 + 964*l + 407 </q>
		<t> -26*l - 21 </t>
	</pair>
	<pair u = "3" v = "3">
		<q> 132*l^2 + 72*l + 13 </q>
		<t> 6*l + 3 </t>
	</pair>
	<pair u = "3" v = "3">
		<q> 132*l^2 + 192*l + 73 </q>
		<t> -6*l - 3 </t>
	</pair>
	<pair u = "4" v = "0">
		<q> 1628*l^2 + 388*l + 23 </q>
		<t> -74*l - 9 </t>
	</pair>
	<pair u = "4" v = "0">
		<q> 1628*l^2 + 1092*l + 183 </q>
		<t> -74*l - 25 </t>
	</pair>
	<pair u = "4" v = "0">
		<q> 1628*l^2 + 2164*l + 719 </q>
		<t> 74*l + 49 </t>
	</pair>
	<pair u = "4" v = "0">
		<q> 1628*l^2 + 2868*l + 1263 </q>
		<t> 74*l + 65 </t>
	</pair>
	<pair u = "6" v = "0">
		<q> 1716*l^2 + 648*l + 61 </q>
		<t> -78*l - 15 </t>
	</pair>
	<pair u = "6" v = "0">
		<q> 1716*l^2 + 912*l + 121 </q>
		<t> -78*l - 21 </t>
	</pair>
	<pair u = "6" v = "0">
		<q> 1716*l^2 + 2520*l + 925 </q>
		<t> 78*l + 57 </t>
	</pair>
	<pair u = "6" v = "0">
		<q> 1716*l^2 + 2784*l + 1129 </q>
		<t> 78*l + 63 </t>
	</pair>
	<pair u = "7" v = "3">
		<q> 308*l^2 + 96*l + 9 </q>
		<t> -14*l - 1 </t>
	</pair>
	<pair u = "7" v = "3">
		<q> 308*l^2 + 184*l + 29 </q>
		<t> -14*l - 3 </t>
	</pair>
	<pair u = "7" v = "3">
		<q> 308*l^2 + 432*l + 153 </q>
		<t> 14*l + 11 </t>
	</pair>
	<pair u = "7" v = "3">
		<q> 308*l^2 + 520*l + 221 </q>
		<t> 14*l + 13 </t>
	</pair>
	<pair u = "8" v = "2">
		<q> 836*l^2 + 368*l + 41 </q>
		<t> 38*l + 9 </t>
	</pair>
	<pair u = "8" v = "2">
		<q> 836*l^2 + 544*l + 89 </q>
		<t> 38*l + 13 </t>
	</pair>
	<pair u = "8" v = "2">
		<q> 836*l^2 + 1128*l + 381 </q>
		<t> -38*l - 25 </t>
	</pair>
	<pair u = "8" v = "2">
		<q> 836*l^2 + 1304*l + 509 </q>
		<t> -38*l - 29 </t>
	</pair>
	<pair u = "9" v = "1">
		<q> 1364*l^2 + 304*l + 17 </q>
		<t> 62*l + 7 </t>
	</pair>
	<pair u = "9" v = "1">
		<q> 1364*l^2 + 1184*l + 257 </q>
		<t> 62*l + 27 </t>
	</pair>
	<pair u = "9" v = "1">
		<q> 1364*l^2 + 1544*l + 437 </q>
		<t> -62*l - 35 </t>
	</pair>
	<pair u = "9" v = "1">
		<q> 1364*l^2 + 2424*l + 1077 </q>
		<t> -62*l - 55 </t>
	</pair>
	<pair u = "10" v = "0">
		<q> 1892*l^2 + 200*l + 5 </q>
		<t> -86*l - 5 </t>
	</pair>
	<pair u = "10" v = "0">
		<q> 1892*l^2 + 1520*l + 305 </q>
		<t> -86*l - 35 </t>
	</pair>
	<pair u = "10" v = "0">
		<q> 1892*l^2 + 2264*l + 677 </q>
		<t> 86*l + 51 </t>
	</pair>
	<pair u = "10" v = "0">
		<q> 1892*l^2 + 3584*l + 1697 </q>
		<t> 86*l + 81 </t>
	</pair>
	<pair u = "10" v = "2">
		<q> 924*l^2 + 156*l + 7 </q>
		<t> -42*l - 3 </t>
	</pair>
	<pair u = "10" v = "2">
		<q> 924*l^2 + 684*l + 127 </q>
		<t> -42*l - 15 </t>
	</pair>
	<pair u = "10" v = "2">
		<q> 924*l^2 + 1164*l + 367 </q>
		<t> 42*l + 27 </t>
	</pair>
	<pair u = "10" v = "2">
		<q> 924*l^2 + 1692*l + 775 </q>
		<t> 42*l + 39 </t>
	</pair>
</hfamily>
<hfamily h = "12">
	<pair u = "1" v = "2">
		<q> 624*l^2 + 142*l + 9 </q>
		<t> -26*l - 2 </t>
	</pair>
	<pair u = "1" v = "2">
		<q> 624*l^2 + 430*l + 75 </q>
		<t> -26*l - 8 </t>
	</pair>
	<pair u = "1" v = "2">
		<q> 624*l^2 + 818*l + 269 </q>
		<t> 26*l + 18 </t>
	</pair>
	<pair u = "1" v = "2">
		<q> 624*l^2 + 1106*l + 491 </q>
		<t> 26*l + 24 </t>
	</pair>
	<pair u = "1" v = "3">
		<q> 48*l^2 + 26*l + 13 </q>
		<t> 2*l + 2 </t>
	</pair>
	<pair u = "1" v = "3">
		<q> 48*l^2 + 70*l + 35 </q>
		<t> -2*l </t>
	</pair>
	<pair u = "7" v = "0">
		<q> 2064*l^2 + 398*l + 19 </q>
		<t> 86*l + 8 </t>
	</pair>
	<pair u = "7" v = "0">
		<q> 2064*l^2 + 1838*l + 409 </q>
		<t> 86*l + 38 </t>
	</pair>
	<pair u = "7" v = "0">
		<q> 2064*l^2 + 2290*l + 635 </q>
		<t> -86*l - 48 </t>
	</pair>
	<pair u = "7" v = "0">
		<q> 2064*l^2 + 3730*l + 1685 </q>
		<t> -86*l - 78 </t>
	</pair>
	<pair u = "7" v = "1">
		<q> 1488*l^2 + 202*l + 7 </q>
		<t> -62*l - 4 </t>
	</pair>
	<pair u = "7" v = "1">
		<q> 1488*l^2 + 1162*l + 227 </q>
		<t> -62*l - 24 </t>
	</pair>
	<pair u = "7" v = "1">
		<q> 1488*l^2 + 1814*l + 553 </q>
		<t> 62*l + 38 </t>
	</pair>
	<pair u = "7" v = "1">
		<q> 1488*l^2 + 2774*l + 1293 </q>
		<t> 62*l + 58 </t>
	</pair>
	<pair u = "7" v = "2">
		<q> 912*l^2 + 322*l + 29 </q>
		<t> -38*l - 6 </t>
	</pair>
	<pair u = "7" v = "2">
		<q> 912*l^2 + 514*l + 73 </q>
		<t> -38*l - 10 </t>
	</pair>
	<pair u = "7" v = "2">
		<q> 912*l^2 + 1310*l + 471 </q>
		<t> 38*l + 28 </t>
	</pair>
	<pair u = "7" v = "2">
		<q> 912*l^2 + 1502*l + 619 </q>
		<t> 38*l + 32 </t>
	</pair>
	<pair u = "7" v = "3">
		<q> 336*l^2 + 134*l + 15 </q>
		<t> 14*l + 4 </t>
	</pair>
	<pair u = "7" v = "3">
		<q> 336*l^2 + 230*l + 41 </q>
		<t> 14*l + 6 </t>
	</pair>
	<pair u = "7" v = "3">
		<q> 336*l^2 + 442*l + 147 </q>
		<t> -14*l - 8 </t>
	</pair>
	<pair u = "7" v = "3">
		<q> 336*l^2 + 538*l + 217 </q>
		<t> -14*l - 10 </t>
	</pair>
</hfamily>
<hfamily h = "13">
	<pair u = "1" v = "3">
		<q> 52*l^2 + 24*l + 13 </q>
		<t> -2*l + 1 </t>
	</pair>
	<pair u = "1" v = "3">
		<q> 52*l^2 + 80*l + 41 </q>
		<t> 2*l + 3 </t>
	</pair>
	<pair u = "4" v = "0">
		<q> 2236*l^2 + 252*l + 7 </q>
		<t> -86*l - 5 </t>
	</pair>
	<pair u = "4" v = "0">
		<q> 2236*l^2 + 1812*l + 367 </q>
		<t> -86*l - 35 </t>
	</pair>
	<pair u = "4" v = "0">
		<q> 2236*l^2 + 2660*l + 791 </q>
		<t> 86*l + 51 </t>
	</pair>
	<pair u = "4" v = "0">
		<q> 2236*l^2 + 4220*l + 1991 </q>
		<t> 86*l + 81 </t>
	</pair>
	<pair u = "5" v = "1">
		<q> 1612*l^2 + 348*l + 19 </q>
		<t> 62*l + 7 </t>
	</pair>
	<pair u = "5" v = "1">
		<q> 1612*l^2 + 1388*l + 299 </q>
		<t> 62*l + 27 </t>
	</pair>
	<pair u = "5" v = "1">
		<q> 1612*l^2 + 1836*l + 523 </q>
		<t> -62*l - 35 </t>
	</pair>
	<pair u = "5" v = "1">
		<q> 1612*l^2 + 2876*l + 1283 </q>
		<t> -62*l - 55 </t>
	</pair>
	<pair u = "6" v = "2">
		<q> 988*l^2 + 428*l + 47 </q>
		<t> 38*l + 9 </t>
	</pair>
	<pair u = "6" v = "2">
		<q> 988*l^2 + 636*l + 103 </q>
		<t> 38*l + 13 </t>
	</pair>
	<pair u = "6" v = "2">
		<q> 988*l^2 + 1340*l + 455 </q>
		<t> -38*l - 25 </t>
	</pair>
	<pair u = "6" v = "2">
		<q> 988*l^2 + 1548*l + 607 </q>
		<t> -38*l - 29 </t>
	</pair>
	<pair u = "7" v = "3">
		<q> 364*l^2 + 116*l + 11 </q>
		<t> -14*l - 1 </t>
	</pair>
	<pair u = "7" v = "3">
		<q> 364*l^2 + 220*l + 35 </q>
		<t> -14*l - 3 </t>
	</pair>
	<pair u = "7" v = "3">
		<q> 364*l^2 + 508*l + 179 </q>
		<t> 14*l + 11 </t>
	</pair>
	<pair u = "7" v = "3">
		<q> 364*l^2 + 612*l + 259 </q>
		<t> 14*l + 13 </t>
	</pair>
	<pair u = "10" v = "0">
		<q> 2548*l^2 + 864*l + 73 </q>
		<t> -98*l - 17 </t>
	</pair>
	<pair u = "10" v = "0">
		<q> 2548*l^2 + 1488*l + 217 </q>
		<t> -98*l - 29 </t>
	</pair>
	<pair u = "10" v = "0">
		<q> 2548*l^2 + 3608*l + 1277 </q>
		<t> 98*l + 69 </t>
	</pair>
	<pair u = "10" v = "0">
		<q> 2548*l^2 + 4232*l + 1757 </q>
		<t> 98*l + 81 </t>
	</pair>
	<pair u = "11" v = "1">
		<q> 1924*l^2 + 472*l + 29 </q>
		<t> -74*l - 9 </t>
	</pair>
	<pair u = "11" v = "1">
		<q> 1924*l^2 + 1304*l + 221 </q>
		<t> -74*l - 25 </t>
	</pair>
	<pair u = "11" v = "1">
		<q> 1924*l^2 + 2544*l + 841 </q>
		<t> 74*l + 49 </t>
	</pair>
	<pair u = "11" v = "1">
		<q> 1924*l^2 + 3376*l + 1481 </q>
		<t> 74*l + 65 </t>
	</pair>
</hfamily>
<hfamily h = "14">
	<pair u = "1" v = "0">
		<q> 2408*l^2 + 450*l + 21 </q>
		<t> 86*l + 8 </t>
	</pair>
	<pair u = "1" v = "0">
		<q> 2408*l^2 + 2130*l + 471 </q>
		<t> 86*l + 38 </t>
	</pair>
	<pair u = "1" v = "0">
		<q> 2408*l^2 + 2686*l + 749 </q>
		<t> -86*l - 48 </t>
	</pair>
	<pair u = "1" v = "0">
		<q> 2408*l^2 + 4366*l + 1979 </q>
		<t> -86*l - 78 </t>
	</pair>
	<pair u = "1" v = "3">
		<q> 56*l^2 + 30*l + 15 </q>
		<t> 2*l + 2 </t>
	</pair>
	<pair u = "1" v = "3">
		<q> 56*l^2 + 82*l + 41 </q>
		<t> -2*l </t>
	</pair>
	<pair u = "3" v = "1">
		<q> 1736*l^2 + 246*l + 9 </q>
		<t> -62*l - 4 </t>
	</pair>
	<pair u = "3" v = "1">
		<q> 1736*l^2 + 1366*l + 269 </q>
		<t> -62*l - 24 </t>
	</pair>
	<pair u = "3" v = "1">
		<q> 1736*l^2 + 2106*l + 639 </q>
		<t> 62*l + 38 </t>
	</pair>
	<pair u = "3" v = "1">
		<q> 1736*l^2 + 3226*l + 1499 </q>
		<t> 62*l + 58 </t>
	</pair>
	<pair u = "3" v = "3">
		<q> 168*l^2 + 78*l + 13 </q>
		<t> -6*l </t>
	</pair>
	<pair u = "3" v = "3">
		<q> 168*l^2 + 258*l + 103 </q>
		<t> 6*l + 6 </t>
	</pair>
	<pair u = "5" v = "2">
		<q> 1064*l^2 + 382*l + 35 </q>
		<t> -38*l - 6 </t>
	</pair>
	<pair u = "5" v = "2">
		<q> 1064*l^2 + 606*l + 87 </q>
		<t> -38*l - 10 </t>
	</pair>
	<pair u = "5" v = "2">
		<q> 1064*l^2 + 1522*l + 545 </q>
		<t> 38*l + 28 </t>
	</pair>
	<pair u = "5" v = "2">
		<q> 1064*l^2 + 1746*l + 717 </q>
		<t> 38*l + 32 </t>
	</pair>
	<pair u = "9" v = "1">
		<q> 2072*l^2 + 662*l + 53 </q>
		<t> 74*l + 12 </t>
	</pair>
	<pair u = "9" v = "1">
		<q> 2072*l^2 + 1558*l + 293 </q>
		<t> 74*l + 28 </t>
	</pair>
	<pair u = "9" v = "1">
		<q> 2072*l^2 + 2586*l + 807 </q>
		<t> -74*l - 46 </t>
	</pair>
	<pair u = "9" v = "1">
		<q> 2072*l^2 + 3482*l + 1463 </q>
		<t> -74*l - 62 </t>
	</pair>
	<pair u = "11" v = "1">
		<q> 2184*l^2 + 1002*l + 115 </q>
		<t> 78*l + 18 </t>
	</pair>
	<pair u = "11" v = "1">
		<q> 2184*l^2 + 1338*l + 205 </q>
		<t> 78*l + 24 </t>
	</pair>
	<pair u = "11" v = "1">
		<q> 2184*l^2 + 3030*l + 1051 </q>
		<t> -78*l - 54 </t>
	</pair>
	<pair u = "11" v = "1">
		<q> 2184*l^2 + 3366*l + 1297 </q>
		<t> -78*l - 60 </t>
	</pair>
	<pair u = "13" v = "3">
		<q> 728*l^2 + 170*l + 11 </q>
		<t> -26*l - 2 </t>
	</pair>
	<pair u = "13" v = "3">
		<q> 728*l^2 + 506*l + 89 </q>
		<t> -26*l - 8 </t>
	</pair>
	<pair u = "13" v = "3">
		<q> 728*l^2 + 950*l + 311 </q>
		<t> 26*l + 18 </t>
	</pair>
	<pair u = "13" v = "3">
		<q> 728*l^2 + 1286*l + 569 </q>
		<t> 26*l + 24 </t>
	</pair>
</hfamily>
<hfamily h = "15">
	<pair u = "1" v = "1">
		<q> 1860*l^2 + 392*l + 21 </q>
		<t> 62*l + 7 </t>
	</pair>
	<pair u = "1" v = "1">
		<q> 1860*l^2 + 1592*l + 341 </q>
		<t> 62*l + 27 </t>
	</pair>
	<pair u = "1" v = "1">
		<q> 1860*l^2 + 2128*l + 609 </q>
		<t> -62*l - 35 </t>
	</pair>
	<pair u = "1" v = "1">
		<q> 1860*l^2 + 3328*l + 1489 </q>
		<t> -62*l - 55 </t>
	</pair>
	<pair u = "1" v = "3">
		<q> 60*l^2 + 28*l + 15 </q>
		<t> -2*l + 1 </t>
	</pair>
	<pair u = "1" v = "3">
		<q> 60*l^2 + 92*l + 47 </q>
		<t> 2*l + 3 </t>
	</pair>
	<pair u = "4" v = "2">
		<q> 1140*l^2 + 488*l + 53 </q>
		<t> 38*l + 9 </t>
	</pair>
	<pair u = "4" v = "2">
		<q> 1140*l^2 + 728*l + 117 </q>
		<t> 38*l + 13 </t>
	</pair>
	<pair u = "4" v = "2">
		<q> 1140*l^2 + 1552*l + 529 </q>
		<t> -38*l - 25 </t>
	</pair>
	<pair u = "4" v = "2">
		<q> 1140*l^2 + 1792*l + 705 </q>
		<t> -38*l - 29 </t>
	</pair>
	<pair u = "7" v = "1">
		<q> 2220*l^2 + 556*l + 35 </q>
		<t> -74*l - 9 </t>
	</pair>
	<pair u = "7" v = "1">
		<q> 2220*l^2 + 1516*l + 259 </q>
		<t> -74*l - 25 </t>
	</pair>
	<pair u = "7" v = "1">
		<q> 2220*l^2 + 2924*l + 963 </q>
		<t> 74*l + 49 </t>
	</pair>
	<pair u = "7" v = "1">
		<q> 2220*l^2 + 3884*l + 1699 </q>
		<t> 74*l + 65 </t>
	</pair>
	<pair u = "7" v = "3">
		<q> 420*l^2 + 136*l + 13 </q>
		<t> -14*l - 1 </t>
	</pair>
	<pair u = "7" v = "3">
		<q> 420*l^2 + 256*l + 41 </q>
		<t> -14*l - 3 </t>
	</pair>
	<pair u = "7" v = "3">
		<q> 420*l^2 + 584*l + 205 </q>
		<t> 14*l + 11 </t>
	</pair>
	<pair u = "7" v = "3">
		<q> 420*l^2 + 704*l + 297 </q>
		<t> 14*l + 13 </t>
	</pair>
	<pair u = "13" v = "1">
		<q> 2580*l^2 + 304*l + 9 </q>
		<t> -86*l - 5 </t>
	</pair>
	<pair u = "13" v = "1">
		<q> 2580*l^2 + 2104*l + 429 </q>
		<t> -86*l - 35 </t>
	</pair>
	<pair u = "13" v = "1">
		<q> 2580*l^2 + 3056*l + 905 </q>
		<t> 86*l + 51 </t>
	</pair>
	<pair u = "13" v = "1">
		<q> 2580*l^2 + 4856*l + 2285 </q>
		<t> 86*l + 81 </t>
	</pair>
	<pair u = "13" v = "3">
		<q> 780*l^2 + 236*l + 19 </q>
		<t> 26*l + 5 </t>
	</pair>
	<pair u = "13" v = "3">
		<q> 780*l^2 + 596*l + 115 </q>
		<t> 26*l + 11 </t>
	</pair>
	<pair u = "13" v = "3">
		<q> 780*l^2 + 964*l + 299 </q>
		<t> -26*l - 15 </t>
	</pair>
	<pair u = "13" v = "3">
		<q> 780*l^2 + 1324*l + 563 </q>
		<t> -26*l - 21 </t>
	</pair>
</hfamily>
<hfamily h = "16">
	<pair u = "1" v = "0">
		<q> 3136*l^2 + 1282*l + 131 </q>
		<t> 98*l + 20 </t>
	</pair>
	<pair u = "1" v = "0">
		<q> 3136*l^2 + 2050*l + 335 </q>
		<t> 98*l + 32 </t>
	</pair>
	<pair u = "1" v = "0">
		<q> 3136*l^2 + 4222*l + 1421 </q>
		<t> -98*l - 66 </t>
	</pair>
	<pair u = "1" v = "0">
		<q> 3136*l^2 + 4990*l + 1985 </q>
		<t> -98*l - 78 </t>
	</pair>
	<pair u = "1" v = "3">
		<q> 64*l^2 + 34*l + 17 </q>
		<t> 2*l + 2 </t>
	</pair>
	<pair u = "1" v = "3">
		<q> 64*l^2 + 94*l + 47 </q>
		<t> -2*l </t>
	</pair>
	<pair u = "3" v = "2">
		<q> 1216*l^2 + 442*l + 41 </q>
		<t> -38*l - 6 </t>
	</pair>
	<pair u = "3" v = "2">
		<q> 1216*l^2 + 698*l + 101 </q>
		<t> -38*l - 10 </t>
	</pair>
	<pair u = "3" v = "2">
		<q> 1216*l^2 + 1734*l + 619 </q>
		<t> 38*l + 28 </t>
	</pair>
	<pair u = "3" v = "2">
		<q> 1216*l^2 + 1990*l + 815 </q>
		<t> 38*l + 32 </t>
	</pair>
	<pair u = "5" v = "1">
		<q> 2368*l^2 + 746*l + 59 </q>
		<t> 74*l + 12 </t>
	</pair>
	<pair u = "5" v = "1">
		<q> 2368*l^2 + 1770*l + 331 </q>
		<t> 74*l + 28 </t>
	</pair>
	<pair u = "5" v = "1">
		<q> 2368*l^2 + 2966*l + 929 </q>
		<t> -74*l - 46 </t>
	</pair>
	<pair u = "5" v = "1">
		<q> 2368*l^2 + 3990*l + 1681 </q>
		<t> -74*l - 62 </t>
	</pair>
	<pair u = "7" v = "3">
		<q> 448*l^2 + 174*l + 19 </q>
		<t> 14*l + 4 </t>
	</pair>
	<pair u = "7" v = "3">
		<q> 448*l^2 + 302*l + 53 </q>
		<t> 14*l + 6 </t>
	</pair>
	<pair u = "7" v = "3">
		<q> 448*l^2 + 594*l + 199 </q>
		<t> -14*l - 8 </t>
	</pair>
	<pair u = "7" v = "3">
		<q> 448*l^2 + 722*l + 293 </q>
		<t> -14*l - 10 </t>
	</pair>
	<pair u = "11" v = "1">
		<q> 2752*l^2 + 502*l + 23 </q>
		<t> 86*l + 8 </t>
	</pair>
	<pair u = "11" v = "1">
		<q> 2752*l^2 + 2422*l + 533 </q>
		<t> 86*l + 38 </t>
	</pair>
	<pair u = "11" v = "1">
		<q> 2752*l^2 + 3082*l + 863 </q>
		<t> -86*l - 48 </t>
	</pair>
	<pair u = "11" v = "1">
		<q> 2752*l^2 + 5002*l + 2273 </q>
		<t> -86*l - 78 </t>
	</pair>
	<pair u = "13" v = "0">
		<q> 3904*l^2 + 742*l + 35 </q>
		<t> -122*l - 12 </t>
	</pair>
	<pair u = "13" v = "0">
		<q> 3904*l^2 + 2918*l + 545 </q>
		<t> -122*l - 46 </t>
	</pair>
	<pair u = "13" v = "0">
		<q> 3904*l^2 + 4890*l + 1531 </q>
		<t> 122*l + 76 </t>
	</pair>
	<pair u = "13" v = "0">
		<q> 3904*l^2 + 7066*l + 3197 </q>
		<t> 122*l + 110 </t>
	</pair>
	<pair u = "13" v = "3">
		<q> 832*l^2 + 198*l + 13 </q>
		<t> -26*l - 2 </t>
	</pair>
	<pair u = "13" v = "3">
		<q> 832*l^2 + 582*l + 103 </q>
		<t> -26*l - 8 </t>
	</pair>
	<pair u = "13" v = "3">
		<q> 832*l^2 + 1082*l + 353 </q>
		<t> 26*l + 18 </t>
	</pair>
	<pair u = "13" v = "3">
		<q> 832*l^2 + 1466*l + 647 </q>
		<t> 26*l + 24 </t>
	</pair>
	<pair u = "15" v = "2">
		<q> 1984*l^2 + 290*l + 11 </q>
		<t> -62*l - 4 </t>
	</pair>
	<pair u = "15" v = "2">
		<q> 1984*l^2 + 1570*l + 311 </q>
		<t> -62*l - 24 </t>
	</pair>
	<pair u = "15" v = "2">
		<q> 1984*l^2 + 2398*l + 725 </q>
		<t> 62*l + 38 </t>
	</pair>
	<pair u = "15" v = "2">
		<q> 1984*l^2 + 3678*l + 1705 </q>
		<t> 62*l + 58 </t>
	</pair>
</hfamily>
</formulae>
